Docente;Día;Hueco;Módulo;Grupo;Aula;Tipo
PMAT;1un;1;CEBU;IMP101.2;A01;LEC
RGRa;1un;1;FOLAB;IMP202.1;A10;LEC
MTSA;1un;1;COPE;IMP203.1;A11;LEC
AOJM;1un;1;COS2;TMV101.2;A12;LEC
RZAM;1un;1;COS1;TMV101.1A;A13;LEC
GSA;1un;1;PRTMV;TMV301.2;A30;LEC
PGCA;1un;1;SMEC;IMA302.1;A31;LEC
FPLU;1un;1;SSCON;TMV202.2;A34;LEC
GMMA;1un;1;SCAAR;TMV202.1;A35;LEC
BSVA;1un;1;PFQM;QUI201.1;A41;LEC
LARO;1un;1;EMLB;QUI201.2;A50;LEC
ABJa;1un;1;DIWEB;IFC303.2-D;AT.TFNO;LEC
CAE;1un;1;DMDV;IMP202.2;B01;LEC
LSMM;1un;1;COCA;IMP203.2;B03;LEC
PZRu;1un;1;OACVE;ADG201.1;B10;LEC
LFTE;1un;1;OAGTS;ADG201.2;B11;LEC
MBMS;1un;1;CIA1;IMP101.1;B12;LEC
GGJJ;1un;1;GRRHH;ADG301.2;B20;LEC
AFE;1un;1;COAC;ADG301.1;B21;LEC
JCSA;1un;1;MONTA;FME203.2;C000 m;LEC
DEAl;1un;1;TPIDA;ELE302.2;C100;LEC
PACRe;1un;1;STFM;ELE304.1;C101;LEC
GQJL;1un;1;IDOMO;ELE202.2;C102;LEC
GAPA;1un;1;INST;IMA302.2;C104;LEC
MRJR;1un;1;MMEE;IMA201.2;C106;LEC
BLLMa;1un;1;FOLAB;FME203.1;C107;LEC
FCBJ;1un;1;TEUM;IMA201.1;C110;LEC
MRMA;1un;1;FOLAB;ELE303.1;C200;LEC
GPA;1un;1;ETRAP;ELE203.1;C201;LEC
FMGE;1un;1;IRCOM;ELE203.2;C202;LEC
BDJL;1un;1;RETE;ELE304.2;C203;LEC
LLPAd;1un;1;CIELE;ELE302.1;C204;LEC
ISSM;1un;1;ELTEC;ELE202.1;C205;LEC
RFVM;1un;1;GBDAT;IFC301.1;C206;LEC
GBGU;1un;1;SRINT;IFC301.2;C207;LEC
HLOL;1un;1;SIINF;IFC303.1;C208;LEC
VACA;1un;1;FOLAB;IFC201.1;C209;LEC
LCAMa;1un;1;EIEMP;IFC303.2;C210;LEC
MDAn;1un;1;SORED;IFC201.2;C211;LEC
FPPA;1un;1;EMBSU;TMV201.2;CAR1;LEC
ESIS;1un;1;EFIJ;TMV201.1;CAR3;LEC
RRAN;1un;1;EFIJ;TMV201.1;CAR3;LEC
GMFJa;1un;1;ELVHB;TMV101.1B;ELV1;LEC
CFJA;1un;1;STFTR;TMV301.1;ELV4;LEC
GRD;1un;1;STFTR;TMV301.1;ELV4;LEC
MGOl;1un;1;;;;G
MAMo;1un;1;;;;G
DCAL;1un;1;;;;G
GRMAm;1un;1;;;;G
RBCR;1un;1;;;;ApUC
MSJM;1un;1;;;;RED
SGDR;1un;1;;;;FCT
SGSU;1un;1;;;;FCT
GSGE;1un;1;;;;NNTT
GIMM;1un;1;;;;TOR
PMAT;1un;2;CEBU;IMP101.2;A01;LEC
MTSA;1un;2;COEB;IMP202.1;A11;LEC
MBMS;1un;2;CIA2;TMV101.2;A12;LEC
RZAM;1un;2;COS1;TMV101.1A;A13;LEC
GSA;1un;2;TCREL;TMV301.2;A30;LEC
PGCA;1un;2;SMEC;IMA302.1;A31;LEC
BSVA;1un;2;PFQM;QUI201.1;A41;LEC
MAMo;1un;2;PFQM;QUI201.1;A41;LEC
LARO;1un;2;EMLB;QUI201.2;A50;LEC
CAE;1un;2;DMDV;IMP202.2;B01;LEC
MGOl;1un;2;PEYRE;IMP203.1;B02;LEC
LSMM;1un;2;COCA;IMP203.2;B03;LEC
PZRu;1un;2;EMPAD;ADG201.1;B10;LEC
LFTE;1un;2;OAGTS;ADG201.2;B11;LEC
AOJM;1un;2;COS1;IMP101.1;B12;LEC
GGJJ;1un;2;GRRHH;ADG301.2;B20;LEC
AFE;1un;2;COAC;ADG301.1;B21;LEC
JCSA;1un;2;MONTA;FME203.2;C000 m;LEC
DEAl;1un;2;TPIDA;ELE302.2;C100;LEC
PACRe;1un;2;STFM;ELE304.1;C101;LEC
GQJL;1un;2;IDOMO;ELE202.2;C102;LEC
GAPA;1un;2;INST;IMA302.2;C104;LEC
MRJR;1un;2;MMEE;IMA201.2;C106;LEC
SGCA;1un;2;IGRAF;FME203.1;C107;LEC
FCBJ;1un;2;TEUM;IMA201.1;C110;LEC
MRMA;1un;2;FOLAB;ELE303.1;C200;LEC
GPA;1un;2;ETRAP;ELE203.1;C201;LEC
FMGE;1un;2;ETRAP;ELE203.1;C201;LEC
GRMAm;1un;2;IMSON;ELE203.2;C202;LEC
BDJL;1un;2;RETE;ELE304.2;C203;LEC
LLPAd;1un;2;CIELE;ELE302.1;C204;LEC
ISSM;1un;2;ELTEC;ELE202.1;C205;LEC
RFVM;1un;2;GBDAT;IFC301.1;C206;LEC
GBGU;1un;2;SRINT;IFC301.2;C207;LEC
HLOL;1un;2;SIINF;IFC303.1;C208;LEC
VACA;1un;2;FOLAB;IFC201.1;C209;LEC
CAJC;1un;2;DAWEB;IFC303.2;C210;LEC
MDAn;1un;2;SORED;IFC201.2;C211;LEC
FPPA;1un;2;EMBSU;TMV201.2;CAR1;LEC
ESIS;1un;2;EFIJ;TMV201.1;CAR3;LEC
RRAN;1un;2;EFIJ;TMV201.1;CAR3;LEC
GMFJa;1un;2;ELVHB;TMV101.1B;ELV1;LEC
ABJL;1un;2;CEAXV;TMV202.2;ELV3;LEC
CFJA;1un;2;STFTR;TMV301.1;ELV4;LEC
GRD;1un;2;STFTR;TMV301.1;ELV4;LEC
FPLU;1un;2;MOTOR;TMV202.1;ELV5;LEC
RMJC;1un;2;MOTOR;TMV202.1;ELV5;LEC
RPFJ;1un;2;;;;G
GMMA;1un;2;;;;G
SPMA;1un;2;;;;G
ABJa;1un;2;;;;G
MMBE;1un;2;;;;G
PBA;1un;2;;;;G
ARAN;1un;2;;;;RED
RBCR;1un;2;;;;UCOORD
TRJ;1un;2;;;;RED
ZCJC;1un;2;;;;P.P.
RCCM;1un;2;;;;RED
FMCa;1un;2;;;;P.P.
DCAL;1un;2;;;;FCT
MCCA;1un;2;;;;FCT
GAAN;1un;2;;;;JD
LCAMa;1un;2;;;;AAPM
JRIS;1un;2;;;;RED
RZSU;1un;2;;;;P.P.
MSJM;1un;2;;;;P.P.
SGDR;1un;2;;;;FCT
BLLMa;1un;2;;;;CHL
SGSU;1un;2;;;;FCT
GSGE;1un;2;;;;NNTT
GIMM;1un;2;;;;TOR
LLAC;1un;2;;;;P.P.
ISYO;1un;2;;;;P.P.
RGRa;1un;2;;;;AAPM
PMAT;1un;3;CEBU;IMP101.2;A01;LEC
GCCR;1un;3;FOLAB;ELE203.1;A10;LEC
CAMP;1un;3;ICHS;IMP202.1;A11;LEC
LLAC;1un;3;TUTA2;TMV101.2;A12;LEC
TRJ;1un;3;CIA1;TMV101.1A;A13;LEC
MBMS;1un;3;CIA1;TMV101.1A;A13;LEC
RGRa;1un;3;FOLAB;ELE304.1;A30;LEC
VBMG;1un;3;FOLAB;IMA302.1;A31;LEC
ARAN;1un;3;TRSUP;TMV301.2;A34;LEC
MTSA;1un;3;PCNA;IMP202.2;A35;LEC
LARO;1un;3;TBMB;QUI201.2;A40;LEC
BSVA;1un;3;PFQM;QUI201.1;A41;LEC
MGOl;1un;3;PEYRE;IMP203.1;B02;LEC
LSMM;1un;3;COCA;IMP203.2;B03;LEC
VACA;1un;3;FOLAB;ADG201.1;B10;LEC
PZRu;1un;3;EMPAU;ADG201.2;B11;LEC
AOJM;1un;3;COS1;IMP101.1;B12;LEC
AFE;1un;3;GLYC;ADG301.2;B20;LEC
GGJJ;1un;3;RHRSC;ADG301.1;B21;LEC
JCSA;1un;3;MONTA;FME203.2;C000 m;LEC
DEAl;1un;3;TPIDA;ELE302.2;C100;LEC
GMDa;1un;3;ELTRO;ELE202.1;C101;LEC
GQJL;1un;3;IDOMO;ELE202.2;C102;LEC
GAPA;1un;3;INST;IMA302.2;C104;LEC
MRJR;1un;3;MMEE;IMA201.2;C106;LEC
SGCA;1un;3;IGRAF;FME203.1;C107;LEC
MSJM;1un;3;TEFA;IMA201.1;C110;LEC
FCBJ;1un;3;TEFA;IMA201.1;C110;LEC
BDJL;1un;3;SIRA;ELE304.2;C201;LEC
GRMAm;1un;3;IMSON;ELE203.2;C202;LEC
CSD;1un;3;DTIEL;ELE302.1;C204;LEC
MMBE;1un;3;SMRG;ELE303.1;C205;LEC
FMCa;1un;3;PARDS;IFC301.1;C206;LEC
HLOL;1un;3;ASOPE;IFC301.2;C207;LEC
RFVM;1un;3;BDATO;IFC303.1;C208;LEC
ABJa;1un;3;SOPMO;IFC201.1;C209;LEC
CAJC;1un;3;DAWEB;IFC303.2;C210;LEC
GBGU;1un;3;SERED;IFC201.2;C211;LEC
FPPA;1un;3;EMBSU;TMV201.2;CAR1;LEC
ESIS;1un;3;EFIJ;TMV201.1;CAR3;LEC
RRAN;1un;3;EFIJ;TMV201.1;CAR3;LEC
GMFJa;1un;3;ELVHB;TMV101.1B;ELV1;LEC
ABJL;1un;3;CEAXV;TMV202.2;ELV3;LEC
CFJA;1un;3;STFTR;TMV301.1;ELV4;LEC
GRD;1un;3;STFTR;TMV301.1;ELV4;LEC
FPLU;1un;3;MOTOR;TMV202.1;ELV5;LEC
RMJC;1un;3;MOTOR;TMV202.1;ELV5;LEC
RZAM;1un;3;;;;G
LLPAd;1un;3;;;;G
LFTE;1un;3;;;;G
SPMA;1un;3;;;;G
PACRe;1un;3;;;;G
RBCR;1un;3;;;;P.P.
ZCJC;1un;3;;;;P.P.
LALU;1un;3;;;;FCT
RCCM;1un;3;;;;P.P.
MDAn;1un;3;;;;FCT
MAMo;1un;3;;;;AAPM
DCAL;1un;3;;;;FCT
MCCA;1un;3;;;;FCT
GAAN;1un;3;;;;P.P.
HRMA;1un;3;;;;RED
NRMP;1un;3;;;;RED
RPFJ;1un;3;;;;P.P.
CAE;1un;3;;;;P.P.
SBAL;1un;3;;;;RED
MRMA;1un;3;;;;AAPM
CGCR;1un;3;;;;RED
LBAD;1un;3;;;;RED
GPA;1un;3;;;;AAPM
GSJL;1un;3;;;;AAPM
AMLM;1un;3;;;;FCT
PGCA;1un;3;;;;JD
JRIS;1un;3;;;;P.P.
RZSU;1un;3;;;;P.P.
SGDR;1un;3;;;;FCT
BLLMa;1un;3;;;;CHL
GSA;1un;3;;;;P.P.
IGJL;1un;3;;;;RED
SGSU;1un;3;;;;FCT
GSGE;1un;3;;;;AAPM
PBA;1un;3;;;;P.P.
AAIg;1un;3;;;;AAPM
GIMM;1un;3;;;;TOR
ISYO;1un;3;;;;P.P.
LCAMa;1un;3;;;;J E A
ISSM;1un;3;;;;UCOORD
CAE;1un;4;MAQUI;IMP202.1;A02;LEC
VBMG;1un;4;EIEMP;TMV201.2;A10;LEC
BLLMa;1un;4;EIEMP;FME203.2;A11;LEC
AOJM;1un;4;COS1;TMV101.1B;A13;LEC
TRJ;1un;4;CIA2;IMP101.2;A21;LEC
RGRa;1un;4;FOLAB;ELE304.1;A30;LEC
NRMP;1un;4;EIEMP;IMA201.2;A31;LEC
GMMA;1un;4;GLMVH;TMV301.2;A35;LEC
LARO;1un;4;TBMB;QUI201.2;A40;LEC
MAMo;1un;4;QUAP;QUI201.1;A41;LEC
RZSU;1un;4;ACES;IMP202.2;B01;LEC
MGOl;1un;4;PEYRE;IMP203.1;B02;LEC
LSMM;1un;4;COCA;IMP203.2;B03;LEC
VACA;1un;4;FOLAB;ADG201.1;B10;LEC
PZRu;1un;4;EMPAU;ADG201.2;B11;LEC
CGCR;1un;4;PEPB;IMP101.1;B12;LEC
GAAN;1un;4;SIEM;ADG301.2;B20;LEC
LFTE;1un;4;GDJE;ADG301.1;B21;LEC
RCCM;1un;4;MQELE;ELE202.2;C100;LEC
GMDa;1un;4;IRDST;ELE203.1;C101;LEC
IGJL;1un;4;CIDAU;ELE302.1;C102;LEC
RPFJ;1un;4;IEINT;ELE202.1;C103;LEC
GAPA;1un;4;CSME;IMA302.2;C104;LEC
DEAl;1un;4;SEEFM;IMA302.1;C106;LEC
SGCA;1un;4;IGRAF;FME203.1;C107;LEC
MSJM;1un;4;TEFA;IMA201.1;C110;LEC
PGCA;1un;4;TEFA;IMA201.1;C110;LEC
BDJL;1un;4;SIRA;ELE304.2;C201;LEC
GRMAm;1un;4;IMSON;ELE203.2;C202;LEC
CSD;1un;4;DRECT;ELE302.2;C204;LEC
MMBE;1un;4;SMRG;ELE303.1;C205;LEC
LLPAd;1un;4;SMRG;ELE303.1;C205;LEC
GSJL;1un;4;IMSOP;IFC301.1;C206;LEC
HLOL;1un;4;ASOPE;IFC301.2;C207;LEC
RFVM;1un;4;BDATO;IFC303.1;C208;LEC
ABJa;1un;4;SOPMO;IFC201.1;C209;LEC
CAJC;1un;4;DAWEB;IFC303.2;C210;LEC
GBGU;1un;4;SERED;IFC201.2;C211;LEC
LBAD;1un;4;PRSB;TMV101.2;CAR1B;LEC
RRAN;1un;4;EMSIN;TMV201.1;CAR3;LEC
SBAL;1un;4;EMSIN;TMV201.1;CAR3;LEC
AAIg;1un;4;MEVEB;TMV101.1A;ELV1;LEC
GSA;1un;4;SESGC;TMV301.1;ELV3;LEC
ESIS;1un;4;CFSDI;TMV202.1;ELV4;LEC
CFJA;1un;4;CFSDI;TMV202.1;ELV4;LEC
RMJC;1un;4;SAXMO;TMV202.2;ELV5;LEC
MBMS;1un;4;;;;G
FMCa;1un;4;;;;G
RZAM;1un;4;;;;G
CAMP;1un;4;;;;G
JRIS;1un;4;;;;G
PBA;1un;4;;;;G
ARAN;1un;4;;;;ApJE
RBCR;1un;4;;;;AAPM
FCBJ;1un;4;;;;P.P.
LALU;1un;4;;;;FCT
ABJL;1un;4;;;;AAPM
MDAn;1un;4;;;;FCT
FPPA;1un;4;;;;FCT
DCAL;1un;4;;;;FCT
MCCA;1un;4;;;;FCT
GGJJ;1un;4;;;;AAPM
HRMA;1un;4;;;;FCT
LCAMa;1un;4;;;;RED
GQJL;1un;4;;;;AAPM
MRJR;1un;4;;;;AAPM
FPLU;1un;4;;;;P.P.
MRMA;1un;4;;;;P.P.
SPMA;1un;4;;;;P.P.
GCCR;1un;4;;;;UCOORD
JCSA;1un;4;;;;AAPM
GPA;1un;4;;;;P.P.
MTSA;1un;4;;;;FCT
AMLM;1un;4;;;;FCT
PACRe;1un;4;;;;AAPM
SGDR;1un;4;;;;RED
FMGE;1un;4;;;;FCT
GSGE;1un;4;;;;P.P.
PMAT;1un;4;;;;AAPM
AFE;1un;4;;;;P.P.
GMFJa;1un;4;;;;FCT
GRD;1un;4;;;;TUT
GIMM;1un;4;;;;CRT
LLAC;1un;4;;;;AAPM
ISYO;1un;4;;;;FCT
ISSM;1un;4;;;;J E A
CAE;1un;5;MAQUI;IMP202.1;A02;LEC
ABJL;1un;5;ESTVH;TMV301.2;A12;LEC
TRJ;1un;5;CIA1;TMV101.1B;A13;LEC
RZAM;1un;5;COS2;IMP101.2;A21;LEC
PGCA;1un;5;MMME;IMA201.2;A31;LEC
MAMo;1un;5;QUAP;QUI201.1;A41;LEC
RBCR;1un;5;SALB;QUI201.2;A50;LEC
ABJa;1un;5;SIINF;IFC303.1-D;AT.TFNO2;LEC
RZSU;1un;5;ACES;IMP202.2;B01;LEC
JRIS;1un;5;CFPC;IMP203.1;B02;LEC
CGCR;1un;5;LCFB;IMP101.1;B03;LEC
AFE;1un;5;TIINF;ADG201.1;B10;LEC
GAAN;1un;5;TDCTB;ADG201.2;B11;LEC
CAMP;1un;5;ANCA;IMP203.2;B12;LEC
LFTE;1un;5;GEFI;ADG301.2;B20;LEC
LALU;1un;5;OPIN;ADG301.1;B21;LEC
PBA;1un;5;SANAT;FME203.1;C000 b;LEC
RCCM;1un;5;MQELE;ELE202.2;C100;LEC
GMDa;1un;5;IRDST;ELE203.1;C101;LEC
IGJL;1un;5;CIDAU;ELE302.1;C102;LEC
RPFJ;1un;5;IEINT;ELE202.1;C103;LEC
GAPA;1un;5;CSME;IMA302.2;C104;LEC
SGCA;1un;5;MEENS;FME203.2;C107;LEC
MSJM;1un;5;TEFA;IMA201.1;C110;LEC
GRMAm;1un;5;CCTSE;ELE203.2;C201;LEC
MCCA;1un;5;SPAU;ELE304.2;C202;LEC
GPA;1un;5;CIST;ELE304.1;C203;LEC
CSD;1un;5;DRECT;ELE302.2;C204;LEC
DEAl;1un;5;SPOT;ELE303.1;C205;LEC
GSJL;1un;5;IMSOP;IFC301.1;C206;LEC
NRMP;1un;5;EIEMP;IFC301.2;C207;LEC
MRMA;1un;5;FOLAB;IFC303.1;C208;LEC
FMCa;1un;5;RLOCA;IFC201.1;C209;LEC
ISYO;1un;5;DWESE;IFC303.2;C210;LEC
SPMA;1un;5;SEGIN;IFC201.2;C211;LEC
FCBJ;1un;5;SHNE;IMA302.1;C213;LEC
LLAC;1un;5;PRSUP;TMV201.2;CAR1;LEC
LBAD;1un;5;PRSB;TMV101.2;CAR1B;LEC
RRAN;1un;5;EMSIN;TMV201.1;CAR3;LEC
SBAL;1un;5;EMSIN;TMV201.1;CAR3;LEC
AAIg;1un;5;MEVEB;TMV101.1A;ELV1;LEC
GSA;1un;5;SESGC;TMV301.1;ELV3;LEC
ESIS;1un;5;CFSDI;TMV202.1;ELV4;LEC
CFJA;1un;5;CFSDI;TMV202.1;ELV4;LEC
RMJC;1un;5;SAXMO;TMV202.2;ELV5;LEC
MRJR;1un;5;;;;G
HLOL;1un;5;;;;G
FPLU;1un;5;;;;G
CAJC;1un;5;;;;G
PMAT;1un;5;;;;G
ARAN;1un;5;;;;ApJE
AOJM;1un;5;;;;RED
VACA;1un;5;;;;UCOORD
MDAn;1un;5;;;;FCT
FPPA;1un;5;;;;FCT
MGOl;1un;5;;;;RED
GBGU;1un;5;;;;AAPM
DCAL;1un;5;;;;FCT
GGJJ;1un;5;;;;CHL
HRMA;1un;5;;;;FCT
GQJL;1un;5;;;;P.P.
LLPAd;1un;5;;;;AAPM
GMMA;1un;5;;;;RED
GCCR;1un;5;;;;UCOORD
LSMM;1un;5;;;;FCT
MTSA;1un;5;;;;P.P.
AMLM;1un;5;;;;FCT
BDJL;1un;5;;;;P.P.
PACRe;1un;5;;;;P.P.
FMGE;1un;5;;;;FCT
GSGE;1un;5;;;;P.P.
RFVM;1un;5;;;;RED
LARO;1un;5;;;;AAPM
MMBE;1un;5;;;;AAPM
GIMM;1un;5;;;;TOR
ISSM;1un;5;;;;ApJE
VBMG;1un;5;;;;AAPM
RGRa;1un;5;;;;CHL
CAE;1un;6;MAQUI;IMP202.1;A02;LEC
CAMP;1un;6;MVIP;IMP203.2;A11;LEC
ABJL;1un;6;ESTVH;TMV301.2;A12;LEC
TRJ;1un;6;CIA1;TMV101.1B;A13;LEC
RZAM;1un;6;COS2;IMP101.2;A21;LEC
PGCA;1un;6;MMME;IMA201.2;A31;LEC
GMMA;1un;6;MTSAX;TMV301.1;A35;LEC
VACA;1un;6;EIEMP;QUI201.2;A40;LEC
VBMG;1un;6;FOLAB;QUI201.1;A41;LEC
ABJa;1un;6;DEDI;IFC302.2-D;AT.TFNO;LEC
RZSU;1un;6;ACES;IMP202.2;B01;LEC
JRIS;1un;6;CFPC;IMP203.1;B02;LEC
CGCR;1un;6;LCFB;IMP101.1;B03;LEC
AFE;1un;6;TIINF;ADG201.1;B10;LEC
GAAN;1un;6;TDCTB;ADG201.2;B11;LEC
LFTE;1un;6;GEFI;ADG301.2;B20;LEC
LALU;1un;6;OPIN;ADG301.1;B21;LEC
PBA;1un;6;SANAT;FME203.1;C000 b;LEC
RCCM;1un;6;MQELE;ELE202.2;C100;LEC
GMDa;1un;6;IRDST;ELE203.1;C101;LEC
IGJL;1un;6;CIDAU;ELE302.1;C102;LEC
RPFJ;1un;6;IEINT;ELE202.1;C103;LEC
GAPA;1un;6;CSME;IMA302.2;C104;LEC
SGCA;1un;6;MEENS;FME203.2;C107;LEC
MSJM;1un;6;TEFA;IMA201.1;C110;LEC
GRMAm;1un;6;CCTSE;ELE203.2;C201;LEC
MCCA;1un;6;SPAU;ELE304.2;C202;LEC
GPA;1un;6;CIST;ELE304.1;C203;LEC
FRRa;1un;6;GMMIE;ELE302.2;C204;LEC
DEAl;1un;6;SPOT;ELE303.1;C205;LEC
GCCR;1un;6;FOLAB;IFC301.1;C206;LEC
NRMP;1un;6;EIEMP;IFC301.2;C207;LEC
MRMA;1un;6;FOLAB;IFC303.1;C208;LEC
FMCa;1un;6;RLOCA;IFC201.1;C209;LEC
ISYO;1un;6;DWESE;IFC303.2;C210;LEC
SPMA;1un;6;SEGIN;IFC201.2;C211;LEC
FCBJ;1un;6;SHNE;IMA302.1;C213;LEC
LLAC;1un;6;PRSUP;TMV201.2;CAR1;LEC
LBAD;1un;6;PRSB;TMV101.2;CAR1B;LEC
RRAN;1un;6;EMSIN;TMV201.1;CAR3;LEC
SBAL;1un;6;EMSIN;TMV201.1;CAR3;LEC
AAIg;1un;6;MEVEB;TMV101.1A;ELV1;LEC
ESIS;1un;6;CFSDI;TMV202.1;ELV4;LEC
CFJA;1un;6;CFSDI;TMV202.1;ELV4;LEC
RMJC;1un;6;SAXMO;TMV202.2;ELV5;LEC
ARAN;1un;6;;;;G
MDAn;1un;6;;;;G
MAMo;1un;6;;;;G
PACRe;1un;6;;;;G
RBCR;1un;6;;;;RED
HRMA;1un;6;;;;FCT
HLOL;1un;6;;;;RED
MTSA;1un;6;;;;RED
CAJC;1un;6;;;;RED
FMGE;1un;6;;;;FCT
CSD;1un;6;;;;RED
LARO;1un;6;;;;P.P.
MMBE;1un;6;;;;RED
GIMM;1un;6;;;;TOR
ISSM;1un;6;;;;RED
MMGE;1un;8;EIEMP;ELE303.2V;a10 v;LEC
BMAIs;1un;8;LEUPR;QUI301.1V;a11v;LEC
GMJO;1un;8;IGRAF;FME202.1V;a30v;LEC
FOMB;1un;8;CASLB;QUI301.2V;a40v;LEC
ALAN;1un;8;PUMCM;FME301.2V;c000 b v;LEC
DGFA;1un;8;INST;IMA302.2V;c104 v;LEC
CAL;1un;8;PSAFM;FME301.1V;c105 v;LEC
PGM;1un;8;PRFB;IMA302.1V;c110 v;LEC
GRMA;1un;8;EIEMP;ELE302.2 V;c203 v;LEC
FRRa;1un;8;INFIN;ELE303.1V;c204 v;LEC
GSJL;1un;8;IMSOP;IFC301.1V;c206 v;LEC
ARMT;1un;8;IAWEB;IFC301.2V;c207 v;LEC
TCJM;1un;8;LMSGI;IFC302.1V;c208 v;LEC
AVMY;1un;8;LMSGI;IFC303.1-D;C209;LEC
HFP;1un;8;PMDM;IFC302.2V;c210v;LEC
BPJD;1un;8;PUPRSE;IFC401;c211v;LEC
GGSE;1un;8;MCNUM;FME202.2V;c213 v;LEC
PAMCo;1un;8;PROGR;IFC302.1-D;;LEC
THAC;1un;8;;;;G
CMIS;1un;8;;;;FCT
DFME;1un;8;;;;FCT
AAA;1un;8;;;;LEC
RMDI;1un;8;;;;RED
AMMB;1un;8;;;;P.P.
MMD;1un;8;;;;RED
FAMJ;1un;8;;;;FCT
DPAV;1un;8;;;;FCT
BBNO;1un;8;;;;AAPM
LLLM;1un;8;;;;P.P.
MMGE;1un;9;EIEMP;ELE303.2V;a10 v;LEC
GMJO;1un;9;IGRAF;FME202.1V;a30v;LEC
FOMB;1un;9;CASLB;QUI301.2V;a40v;LEC
THAC;1un;9;ANQUI;QUI301.1V;a41v;LEC
BPJD;1un;9;SIGE;IFC302.2-D;AT.TFNO2;LEC
ALAN;1un;9;PUMCM;FME301.2V;c000 b v;LEC
DGFA;1un;9;INST;IMA302.2V;c104 v;LEC
CAL;1un;9;PSAFM;FME301.1V;c105 v;LEC
PGM;1un;9;PRFB;IMA302.1V;c110 v;LEC
GRMA;1un;9;EIEMP;ELE302.2 V;c203 v;LEC
FRRa;1un;9;INFIN;ELE303.1V;c204 v;LEC
LLLM;1un;9;PARDS;IFC301.1V;c206 v;LEC
ARMT;1un;9;IAWEB;IFC301.2V;c207 v;LEC
TCJM;1un;9;LMSGI;IFC302.1V;c208 v;LEC
AVMY;1un;9;LMSGI;IFC303.1-D;C209;LEC
HFP;1un;9;PMDM;IFC302.2V;c210v;LEC
BBNO;1un;9;INCSG;IFC401;c211v;LEC
GGSE;1un;9;MCNUM;FME202.2V;c213 v;LEC
PAMCo;1un;9;PROGR;IFC302.1-D;;LEC
AAA;1un;9;;;;G
MCRP;1un;9;;;;G
BMAIs;1un;9;;;;G
CMIS;1un;9;;;;FCT
MGI;1un;9;;;;RED
DFME;1un;9;;;;FCT
GSJL;1un;9;;;;TUT
RMDI;1un;9;;;;RED
AMLM;1un;9;;;;P.P.
AMMB;1un;9;;;;UCOORD
MMD;1un;9;;;;P.P.
FAMJ;1un;9;;;;FCT
DPAV;1un;9;;;;FCT
MAJM;1un;9;;;;CHL
GLLN;1un;9;;;;RED
BMAIs;1un;10;LEUPR;FME301.1V;a11v;LEC
GMJO;1un;10;IGRAF;FME202.1V;a30v;LEC
GRMA;1un;10;EIEMP;QUI301.2V;a31v;LEC
THAC;1un;10;ANQUI;QUI301.1V;a41v;LEC
AMMB;1un;10;LEUPR;IFC303.1-D;B10;LEC
ALAN;1un;10;PUMCM;FME301.2V;c000 b v;LEC
MAJM;1un;10;SSPR;ELE303.1V;c102 v;LEC
DGFA;1un;10;INST;IMA302.2V;c104 v;LEC
DPAV;1un;10;SEEFM;IMA302.1V;c105 v;LEC
AAA;1un;10;DRECT;ELE302.2 V;c203 v;LEC
MMD;1un;10;COIND;ELE303.2V;c204 v;LEC
LLLM;1un;10;PARDS;IFC301.1V;c206 v;LEC
ARMT;1un;10;IAWEB;IFC301.2V;c207 v;LEC
PGEl;1un;10;FOLAB;IFC302.1V;c208 v;LEC
HFP;1un;10;PRSP;IFC302.2V;c210v;LEC
BBNO;1un;10;INCSG;IFC401;c211v;LEC
GGSE;1un;10;MCNUM;FME202.2V;c213 v;LEC
PAMCo;1un;10;PROGR;IFC302.1-D;;LEC
TCJM;1un;10;;;;G
AVMY;1un;10;;;;G
PGM;1un;10;;;;G
GLLN;1un;10;;;;G
BPJD;1un;10;;;;NNTT
CMIS;1un;10;;;;FCT
ZCJC;1un;10;;;;RED
FRRa;1un;10;;;;AAPM
MGI;1un;10;;;;AAPM
DFME;1un;10;;;;FCT
FOMB;1un;10;;;;FCT
RMDI;1un;10;;;;AAPM
MCRP;1un;10;;;;LEC
AMLM;1un;10;;;;P.P.
CAL;1un;10;;;;RED
FAMJ;1un;10;;;;FCT
MMGE;1un;10;;;;AAPM
PGEl;1un;11;EIEMP;IMA302.2V;a10 v;LEC
MGI;1un;11;ENFIS;QUI301.2V;a40v;LEC
THAC;1un;11;ANQUI;QUI301.1V;a41v;LEC
AMMB;1un;11;LEUPR;IFC302.1-D;B10;LEC
MCRP;1un;11;IDSC;ELE402;c101 v;LEC
MAJM;1un;11;SSPR;ELE303.1V;c102 v;LEC
CAL;1un;11;SAUTO;FME202.1V;c104 v;LEC
DPAV;1un;11;SEEFM;IMA302.1V;c105 v;LEC
GMJO;1un;11;DPCME;FME301.1V;c107 v;LEC
PGM;1un;11;FABRA;FME202.2V;c110 v;LEC
AAA;1un;11;DRECT;ELE302.2 V;c203 v;LEC
MMD;1un;11;COIND;ELE303.2V;c204 v;LEC
TCJM;1un;11;LMSGI;IFC301.1V;c206 v;LEC
BBNO;1un;11;ASGBD;IFC301.2V;c207 v;LEC
ARMT;1un;11;PROGR;IFC302.1V;c208 v;LEC
ZCJC;1un;11;DWECL;IFC303.2-D;C209;LEC
RMDI;1un;11;AAD;IFC302.2V;c210v;LEC
AMLM;1un;11;BASRS;IFC401;c211v;LEC
FAMJ;1un;11;DCMET;FME301.2V;c213 v;LEC
DFME;1un;11;;;;G
BMAIs;1un;11;;;;G
SGSU;1un;11;;;;G
DGFA;1un;11;;;;G
GLLN;1un;11;;;;G
BPJD;1un;11;;;;NNTT
CMIS;1un;11;;;;P.P.
PAMCo;1un;11;;;;AAPM
FRRa;1un;11;;;;RED
GRMA;1un;11;;;;AAPM
HFP;1un;11;;;;AAPM
AVMY;1un;11;;;;P.P.
FOMB;1un;11;;;;FCT
ALAN;1un;11;;;;P.P.
GGSE;1un;11;;;;CHL
MMGE;1un;11;;;;P.P.
LLLM;1un;11;;;;C.DIST.
BMAIs;1un;12;LEUPR;IMA302.1V;a11v;LEC
DGFA;1un;12;PGMC;IMA302.2V;a30v;LEC
THAC;1un;12;AINST;QUI301.2V;a40v;LEC
MGI;1un;12;MPMUE;QUI301.1V;a41v;LEC
GLLN;1un;12;FOLAB;IFC302.1-D;AT.TFNO;LEC
MCRP;1un;12;IDSC;ELE402;c101 v;LEC
MAJM;1un;12;TPIDA;ELE302.2 V;c102 v;LEC
CAL;1un;12;SAUTO;FME202.1V;c104 v;LEC
GMJO;1un;12;DPCME;FME301.1V;c107 v;LEC
PGM;1un;12;FABRA;FME202.2V;c110 v;LEC
AAA;1un;12;DCTC;ELE303.2V;c204 v;LEC
MMD;1un;12;SMRG;ELE303.1V;c205v;LEC
TCJM;1un;12;LMSGI;IFC301.1V;c206 v;LEC
BBNO;1un;12;ASGBD;IFC301.2V;c207 v;LEC
ARMT;1un;12;PROGR;IFC302.1V;c208 v;LEC
ZCJC;1un;12;DWECL;IFC303.2-D;C209;LEC
RMDI;1un;12;AAD;IFC302.2V;c210v;LEC
AMLM;1un;12;BASRS;IFC401;c211v;LEC
FAMJ;1un;12;DCMET;FME301.2V;c213 v;LEC
HFP;1un;12;PMDM;IFC302.2-D;;LEC
ALAN;1un;12;;;;G
SGSU;1un;12;;;;G
PGEl;1un;12;;;;G
BPJD;1un;12;;;;NNTT
PAMCo;1un;12;;;;RED
GRMA;1un;12;;;;RED
AVMY;1un;12;;;;P.P.
FOMB;1un;12;;;;CHL
AMMB;1un;12;;;;P.P.
MMGE;1un;12;;;;P.P.
DPAV;1un;12;;;;CHL
LLLM;1un;12;;;;P.P.
MMGE;1un;13;FOLAB;IMA302.1V;a11v;LEC
DGFA;1un;13;PGMC;IMA302.2V;a30v;LEC
THAC;1un;13;AINST;QUI301.2V;a40v;LEC
MGI;1un;13;MPMUE;QUI301.1V;a41v;LEC
MCRP;1un;13;IDSC;ELE402;c101 v;LEC
MAJM;1un;13;TPIDA;ELE302.2 V;c102 v;LEC
SGSU;1un;13;RGFME;FME301.1V;c104 v;LEC
GMJO;1un;13;PRMEC;FME202.1V;c107 v;LEC
PGM;1un;13;FABRA;FME202.2V;c110 v;LEC
AAA;1un;13;DCTC;ELE303.2V;c204 v;LEC
MMD;1un;13;SMRG;ELE303.1V;c205v;LEC
PGEl;1un;13;FOLAB;IFC301.1V;c206 v;LEC
GLLN;1un;13;EIEMP;IFC301.2V;c207 v;LEC
ARMT;1un;13;PROGR;IFC302.1V;c208 v;LEC
ZCJC;1un;13;DWECL;IFC303.2-D;C209;LEC
RMDI;1un;13;AAD;IFC302.2V;c210v;LEC
FAMJ;1un;13;DCMET;FME301.2V;c213 v;LEC
HFP;1un;13;PMDM;IFC302.2-D;;LEC
TCJM;1un;13;;;;G
AMMB;1un;13;;;;CHL
BMAIs;1un;13;;;;RED
CAL;1un;13;;;;CHL
BBNO;1un;13;;;;RED
RMVa;2ar;1;ESTMP;IMP202.1;A01;LEC
BLLMa;2ar;1;EIEMP;ELE202.2;A10;LEC
MTSA;2ar;1;COPE;IMP203.1;A11;LEC
AOJM;2ar;1;COS2;TMV101.2;A12;LEC
RZAM;2ar;1;COS1;TMV101.1A;A13;LEC
PMAT;2ar;1;CEBU;IMP101.2;A21;LEC
CAMP;2ar;1;MVIP;IMP202.2;A30;LEC
ABJL;2ar;1;ESTVH;TMV301.2;A34;LEC
FPLU;2ar;1;SSCON;TMV202.2;A35;LEC
VACA;2ar;1;EIEMP;QUI201.2;A40;LEC
RBCR;2ar;1;MOUL;QUI201.1;A41;LEC
JRIS;2ar;1;TECC;IMP203.2;B02;LEC
CGCR;2ar;1;LCFB;IMP101.1;B03;LEC
AMMB;2ar;1;INGLE;ADG201.1;B10;LEC
GAAN;2ar;1;TDCTB;ADG201.2;B11;LEC
LFTE;2ar;1;GEFI;ADG301.2;B20;LEC
GGJJ;2ar;1;PIAC;ADG301.1;B21;LEC
PBM;2ar;1;TCCON;FME203.1;C001;LEC
IGJL;2ar;1;AUTIN;ELE202.1;C100;LEC
RPFJ;2ar;1;AUTIN;ELE202.1;C100;LEC
GMDa;2ar;1;IRDST;ELE203.1;C101;LEC
LLMa;2ar;1;SENH;ELE303.1;C102;LEC
MRJR;2ar;1;TPIEL;ELE302.1;C103;LEC
LCAMa;2ar;1;EIEMP;IMA302.2;C104;LEC
DCAL;2ar;1;MMLA;IMA201.2;C106;LEC
SGCA;2ar;1;MEENS;FME203.2;C107;LEC
LLPAd;2ar;1;EYAE;IMA201.1;C110;LEC
RCCM;2ar;1;PIICT;ELE302.2;C200;LEC
FMGE;2ar;1;IRCOM;ELE203.2;C201;LEC
MCCA;2ar;1;SPAU;ELE304.2;C202;LEC
GPA;2ar;1;ESTC;ELE304.1;C203;LEC
GCCR;2ar;1;FOLAB;IFC301.1;C206;LEC
NRMP;2ar;1;EIEMP;IFC301.2;C207;LEC
RFVM;2ar;1;BDATO;IFC303.1;C208;LEC
ZCJC;2ar;1;APOFM;IFC201.1;C209;LEC
HLOL;2ar;1;DIWEB;IFC303.2;C210;LEC
LLLM;2ar;1;APWEB;IFC201.2;C211;LEC
BMAIs;2ar;1;LEUPR;IMA302.1;C213;LEC
FPPA;2ar;1;EMBSU;TMV201.2;CAR1;LEC
RRAN;2ar;1;EMSIN;TMV201.1;CAR3;LEC
SBAL;2ar;1;EMSIN;TMV201.1;CAR3;LEC
GMFJa;2ar;1;MEVEB;TMV101.1B;ELV1;LEC
GSA;2ar;1;SESGC;TMV301.1;ELV3;LEC
ESIS;2ar;1;CFSDI;TMV202.1;ELV4;LEC
CFJA;2ar;1;CFSDI;TMV202.1;ELV4;LEC
GAPA;2ar;1;;;;G
FCBJ;2ar;1;;;;G
TRJ;2ar;1;;;;G
GQJL;2ar;1;;;;G
SGDR;2ar;1;;;;G
ARAN;2ar;1;;;;FCT
CMIS;2ar;1;;;;RED
CAE;2ar;1;;;;JD
PGCA;2ar;1;;;;RED
BDJL;2ar;1;;;;P.P.
GSGE;2ar;1;;;;NNTT
AAIg;2ar;1;;;;FCT
GIMM;2ar;1;;;;TOR
ISYO;2ar;1;;;;FCT
RGRa;2ar;1;;;;RED
BLLMa;2ar;2;EIEMP;ELE202.2;A10;LEC
CAMP;2ar;2;ICHS;IMP203.1;A11;LEC
AOJM;2ar;2;COS2;TMV101.2;A12;LEC
RZAM;2ar;2;COS1;TMV101.1A;A13;LEC
GMMA;2ar;2;GLMVH;TMV301.2;A30;LEC
RGRa;2ar;2;FOLAB;IMP202.1;A31;LEC
RBCR;2ar;2;MOUL;QUI201.1;A41;LEC
MAMo;2ar;2;OAQM;QUI201.2;A50;LEC
PMAT;2ar;2;DMDVS;IMP101.2;B01;LEC
JRIS;2ar;2;TECC;IMP203.2;B02;LEC
CGCR;2ar;2;LCFB;IMP101.1;B03;LEC
AMMB;2ar;2;INGLE;ADG201.1;B10;LEC
GAAN;2ar;2;TDCTB;ADG201.2;B11;LEC
MTSA;2ar;2;PCNA;IMP202.2;B12;LEC
LFTE;2ar;2;GEFI;ADG301.2;B20;LEC
GGJJ;2ar;2;PIAC;ADG301.1;B21;LEC
PBM;2ar;2;TCCON;FME203.1;C001;LEC
IGJL;2ar;2;AUTIN;ELE202.1;C100;LEC
RPFJ;2ar;2;AUTIN;ELE202.1;C100;LEC
GMDa;2ar;2;IRDST;ELE203.1;C101;LEC
LLMa;2ar;2;SENH;ELE303.1;C102;LEC
MRJR;2ar;2;TPIEL;ELE302.1;C103;LEC
GAPA;2ar;2;CSME;IMA302.2;C104;LEC
DCAL;2ar;2;MMLA;IMA201.2;C106;LEC
SGCA;2ar;2;MEENS;FME203.2;C107;LEC
LLPAd;2ar;2;EYAE;IMA201.1;C110;LEC
RCCM;2ar;2;PIICT;ELE302.2;C200;LEC
FMGE;2ar;2;IRCOM;ELE203.2;C201;LEC
MCCA;2ar;2;SPAU;ELE304.2;C202;LEC
GPA;2ar;2;ESTC;ELE304.1;C203;LEC
AVMY;2ar;2;LMSGI;IFC301.1;C206;LEC
NRMP;2ar;2;EIEMP;IFC301.2;C207;LEC
RFVM;2ar;2;BDATO;IFC303.1;C208;LEC
ZCJC;2ar;2;APOFM;IFC201.1;C209;LEC
HLOL;2ar;2;DIWEB;IFC303.2;C210;LEC
LLLM;2ar;2;APWEB;IFC201.2;C211;LEC
BMAIs;2ar;2;LEUPR;IMA302.1;C213;LEC
FPPA;2ar;2;EMBSU;TMV201.2;CAR1;LEC
RRAN;2ar;2;EMSIN;TMV201.1;CAR3;LEC
SBAL;2ar;2;EMSIN;TMV201.1;CAR3;LEC
GMFJa;2ar;2;MEVEB;TMV101.1B;ELV1;LEC
GSA;2ar;2;SESGC;TMV301.1;ELV3;LEC
ESIS;2ar;2;CFSDI;TMV202.1;ELV4;LEC
CFJA;2ar;2;CFSDI;TMV202.1;ELV4;LEC
RMJC;2ar;2;SAXMO;TMV202.2;ELV5;LEC
GBGU;2ar;2;;;;G
GQJL;2ar;2;;;;G
FPLU;2ar;2;;;;G
SGDR;2ar;2;;;;G
MMBE;2ar;2;;;;G
AFE;2ar;2;;;;G
ARAN;2ar;2;;;;FCT
CMIS;2ar;2;;;;P.P.
FCBJ;2ar;2;;;;P.P.
PZRu;2ar;2;;;;RED
TRJ;2ar;2;;;;P.P.
LALU;2ar;2;;;;FCT
VACA;2ar;2;;;;AAPM
ABJL;2ar;2;;;;FCT
MGOl;2ar;2;;;;TUT
DEAl;2ar;2;;;;CHL
CAE;2ar;2;;;;JD
MRMA;2ar;2;;;;P.P.
GCCR;2ar;2;;;;AAPM
LSMM;2ar;2;;;;RED
PGCA;2ar;2;;;;AAPM
BDJL;2ar;2;;;;P.P.
RZSU;2ar;2;;;;RED
MSJM;2ar;2;;;;JD
GSGE;2ar;2;;;;NNTT
LARO;2ar;2;;;;P.P.
PBA;2ar;2;;;;P.P.
AAIg;2ar;2;;;;FCT
GRD;2ar;2;;;;CHL
GIMM;2ar;2;;;;TOR
LLAC;2ar;2;;;;P.P.
RMVa;2ar;2;;;;TUT
ISYO;2ar;2;;;;FCT
LCAMa;2ar;2;;;;J E A
ISSM;2ar;2;;;;ApJE
GCCR;2ar;3;EIEMP;IMP202.2;A11;LEC
MBMS;2ar;3;CIA1;TMV101.1A;A13;LEC
TRJ;2ar;3;CIA1;TMV101.1A;A13;LEC
BLLMa;2ar;3;FOLAB;FME203.1;A30;LEC
RGRa;2ar;3;FOLAB;IMP202.1;A31;LEC
GMMA;2ar;3;MTSAX;TMV301.1;A35;LEC
RBCR;2ar;3;MOUL;QUI201.1;A41;LEC
MAMo;2ar;3;OAQM;QUI201.2;A50;LEC
PMAT;2ar;3;DMDVS;IMP101.2;B01;LEC
MGOl;2ar;3;PEYRE;IMP203.1;B02;LEC
JRIS;2ar;3;PEYRE;IMP203.1;B02;LEC
CGCR;2ar;3;LCFB;IMP101.1;B03;LEC
GLYo;2ar;3;TCONT;ADG201.1;B10;LEC
PZRu;2ar;3;EMPAU;ADG201.2;B11;LEC
CAMP;2ar;3;ANCA;IMP203.2;B12;LEC
GGJJ;2ar;3;GRRHH;ADG301.2;B20;LEC
LALU;2ar;3;OPIN;ADG301.1;B21;LEC
AFE;2ar;3;OPIN;ADG301.1;B21;LEC
CMIS;2ar;3;SAPRO;FME203.2;C000 b;LEC
IGJL;2ar;3;AUTIN;ELE202.1;C100;LEC
RPFJ;2ar;3;AUTIN;ELE202.1;C100;LEC
LLMa;2ar;3;SSPR;ELE303.1;C102;LEC
MRJR;2ar;3;TPIEL;ELE302.1;C103;LEC
GAPA;2ar;3;CSME;IMA302.2;C104;LEC
DCAL;2ar;3;MMLA;IMA201.2;C106;LEC
FCBJ;2ar;3;PRFB;IMA302.1;C110;LEC
PACRe;2ar;3;ICTVE;ELE203.1;C200;LEC
GRMAm;2ar;3;CCTSE;ELE203.2;C201;LEC
MCCA;2ar;3;SPAU;ELE304.2;C202;LEC
GPA;2ar;3;GPIT;ELE304.1;C203;LEC
CSD;2ar;3;DRECT;ELE302.2;C204;LEC
MMBE;2ar;3;IDIST;ELE202.2;C205;LEC
AVMY;2ar;3;LMSGI;IFC301.1;C206;LEC
HLOL;2ar;3;ASOPE;IFC301.2;C207;LEC
BMAIs;2ar;3;LEUPR;IFC303.1;C208;LEC
ZCJC;2ar;3;APOFM;IFC201.1;C209;LEC
ISYO;2ar;3;PDAWE;IFC303.2;C210;LEC
VACA;2ar;3;EIEMP;IFC201.2;C211;LEC
LCAMa;2ar;3;FOLAB;IMA201.1;C213;LEC
ARAN;2ar;3;TRSUP;TMV301.2;CAR1;LEC
LBAD;2ar;3;AMVB;TMV101.2;CAR1B;LEC
LLAC;2ar;3;AMVB;TMV101.2;CAR1B;LEC
GSA;2ar;3;EESVE;TMV201.2;CAR2;LEC
RRAN;2ar;3;EMSIN;TMV201.1;CAR3;LEC
SBAL;2ar;3;EMSIN;TMV201.1;CAR3;LEC
GMFJa;2ar;3;MEVEB;TMV101.1B;ELV1;LEC
ESIS;2ar;3;CFSDI;TMV202.1;ELV4;LEC
CFJA;2ar;3;CFSDI;TMV202.1;ELV4;LEC
RMJC;2ar;3;SAXMO;TMV202.2;ELV5;LEC
AOJM;2ar;3;;;;G
FPPA;2ar;3;;;;G
GBGU;2ar;3;;;;G
NRMP;2ar;3;;;;G
GMDa;2ar;3;;;;G
RFVM;2ar;3;;;;G
BDJL;2ar;3;;;;RDP
CAE;2ar;3;;;;RDP
GAAN;2ar;3;;;;RDP
ISSM;2ar;3;;;;RDP
LLLM;2ar;3;;;;RDP
LARO;2ar;3;;;;RDP
MMGE;2ar;3;;;;RDP
PGCA;2ar;3;;;;RDP
MSJM;2ar;3;;;;RDP
RZSU;2ar;3;;;;RDP
AMMB;2ar;3;;;;RDP
GIMM;2ar;3;;;;RDP
ABJL;2ar;3;;;;FCT
RCCM;2ar;3;;;;AAPM
MDAn;2ar;3;;;;P.P.
FMCa;2ar;3;;;;P.P.
RZAM;2ar;3;;;;P.P.
DEAl;2ar;3;;;;CHL
GQJL;2ar;3;;;;FCT
SGCA;2ar;3;;;;P.P.
FPLU;2ar;3;;;;TUT
LLPAd;2ar;3;;;;P.P.
LFTE;2ar;3;;;;TUT
GRD;2ar;3;;;;RED
MRMA;2ar;3;;;;P.P.
LSMM;2ar;3;;;;P.P.
GSJL;2ar;3;;;;P.P.
MTSA;2ar;3;;;;FCT
RMDI;2ar;3;;;;FCT
AMLM;2ar;3;;;;FCT
SGDR;2ar;3;;;;P.P.
FMGE;2ar;3;;;;P.P.
GSGE;2ar;3;;;;NNTT
PBA;2ar;3;;;;AAPM
AAIg;2ar;3;;;;FCT
PBM;2ar;3;;;;RED
RMVa;2ar;3;;;;RED
NRMP;2ar;4;EIEMP;IMP203.2;A10;LEC
CAMP;2ar;4;ICHS;IMP202.1;A11;LEC
RGRa;2ar;4;FOLAB;ELE302.1;A12;LEC
AOJM;2ar;4;COS1;TMV101.1B;A13;LEC
TRJ;2ar;4;CIA2;IMP101.2;A21;LEC
MRMA;2ar;4;EIEMP;TMV202.2;A30;LEC
BMAIs;2ar;4;LEUPR;TMV301.1;A31;LEC
BLLMa;2ar;4;FOLAB;TMV201.1;A34;LEC
RMJC;2ar;4;MOTOR;TMV202.1;A35;LEC
FPLU;2ar;4;MOTOR;TMV202.1;A35;LEC
VBMG;2ar;4;FOLAB;QUI201.1;A41;LEC
MAMo;2ar;4;OAQM;QUI201.2;A50;LEC
CAE;2ar;4;DMDV;IMP202.2;B01;LEC
MGOl;2ar;4;PEYRE;IMP203.1;B02;LEC
JRIS;2ar;4;PEYRE;IMP203.1;B02;LEC
GLYo;2ar;4;TCONT;ADG201.1;B10;LEC
PZRu;2ar;4;EMPAU;ADG201.2;B11;LEC
MBMS;2ar;4;CIA1;IMP101.1;B12;LEC
AFE;2ar;4;GLYC;ADG301.2;B20;LEC
LALU;2ar;4;OPIN;ADG301.1;B21;LEC
CMIS;2ar;4;SAPRO;FME203.2;C000 b;LEC
PBA;2ar;4;MCFM;FME203.1;C000 m;LEC
PBM;2ar;4;MCFM;FME203.1;C001;LEC
LLMa;2ar;4;SSPR;ELE303.1;C102;LEC
RPFJ;2ar;4;IEINT;ELE202.1;C103;LEC
GAPA;2ar;4;INST;IMA302.2;C104;LEC
SGDR;2ar;4;ANEH;IMA201.1;C106;LEC
PGCA;2ar;4;MMME;IMA201.2;C107;LEC
FCBJ;2ar;4;PRFB;IMA302.1;C110;LEC
MSJM;2ar;4;PRFB;IMA302.1;C110;LEC
PACRe;2ar;4;ICTVE;ELE203.1;C200;LEC
GRMAm;2ar;4;CCTSE;ELE203.2;C201;LEC
MCCA;2ar;4;SIRL;ELE304.1;C202;LEC
BDJL;2ar;4;RETE;ELE304.2;C203;LEC
CSD;2ar;4;DRECT;ELE302.2;C204;LEC
MMBE;2ar;4;IDIST;ELE202.2;C205;LEC
GSJL;2ar;4;IMSOP;IFC301.1;C206;LEC
HLOL;2ar;4;ASOPE;IFC301.2;C207;LEC
FMCa;2ar;4;ENDES;IFC303.1;C208;LEC
VACA;2ar;4;FOLAB;IFC201.1;C209;LEC
ZCJC;2ar;4;DWECL;IFC303.2;C210;LEC
GBGU;2ar;4;SERED;IFC201.2;C211;LEC
ARAN;2ar;4;TRSUP;TMV301.2;CAR1;LEC
LBAD;2ar;4;AMVB;TMV101.2;CAR1B;LEC
LLAC;2ar;4;AMVB;TMV101.2;CAR1B;LEC
GSA;2ar;4;EESVE;TMV201.2;CAR2;LEC
AAIg;2ar;4;ELVHB;TMV101.1A;ELV1;LEC
RCCM;2ar;4;;;;G
MDAn;2ar;4;;;;G
DCAL;2ar;4;;;;G
AVMY;2ar;4;;;;G
RRAN;2ar;4;;;;G
ISYO;2ar;4;;;;G
RBCR;2ar;4;;;;P.P.
ABJL;2ar;4;;;;P.P.
FPPA;2ar;4;;;;AAPM
RZAM;2ar;4;;;;AAPM
GAAN;2ar;4;;;;AAPM
GGJJ;2ar;4;;;;P.P.
DEAl;2ar;4;;;;RED
GQJL;2ar;4;;;;FCT
SGCA;2ar;4;;;;P.P.
MRJR;2ar;4;;;;RED
LLPAd;2ar;4;;;;TUT
LFTE;2ar;4;;;;AAPM
GRD;2ar;4;;;;P.P.
SBAL;2ar;4;;;;P.P.
GMMA;2ar;4;;;;P.P.
CGCR;2ar;4;;;;FCT
GCCR;2ar;4;;;;P.P.
LSMM;2ar;4;;;;P.P.
GMDa;2ar;4;;;;AAPM
GPA;2ar;4;;;;TUT
MTSA;2ar;4;;;;FCT
RMDI;2ar;4;;;;FCT
AMLM;2ar;4;;;;FCT
AMMB;2ar;4;;;;JD
RZSU;2ar;4;;;;JD
FMGE;2ar;4;;;;P.P.
IGJL;2ar;4;;;;AAPM
GSGE;2ar;4;;;;P.P.
PMAT;2ar;4;;;;FCT
RFVM;2ar;4;;;;P.P.
ESIS;2ar;4;;;;P.P.
LARO;2ar;4;;;;UCOORD
CFJA;2ar;4;;;;RED
GMFJa;2ar;4;;;;FCT
GIMM;2ar;4;;;;CED
LLLM;2ar;4;;;;JD
LCAMa;2ar;4;;;;J E A
ISSM;2ar;4;;;;J E A
GCCR;2ar;5;EIEMP;ELE203.2;A10;LEC
CAMP;2ar;5;ANES;IMP202.1;A11;LEC
TRJ;2ar;5;CIA1;TMV101.1B;A13;LEC
RZAM;2ar;5;COS2;IMP101.2;A21;LEC
GMMA;2ar;5;SCAAR;TMV202.1;A30;LEC
NRMP;2ar;5;EIEMP;IMA201.2;A31;LEC
BLLMa;2ar;5;FOLAB;TMV201.1;A34;LEC
MAMo;2ar;5;QUAP;QUI201.1;A41;LEC
RBCR;2ar;5;SALB;QUI201.2;A51;LEC
CAE;2ar;5;DMDV;IMP202.2;B01;LEC
MGOl;2ar;5;PEYRE;IMP203.1;B02;LEC
JRIS;2ar;5;PEYRE;IMP203.1;B02;LEC
LSMM;2ar;5;COCA;IMP203.2;B03;LEC
PZRu;2ar;5;CEACL;ADG201.1;B10;LEC
LALU;2ar;5;OARHU;ADG201.2;B11;LEC
MBMS;2ar;5;CIA1;IMP101.1;B12;LEC
AFE;2ar;5;GLYC;ADG301.2;B20;LEC
AMMB;2ar;5;INGLE;ADG301.1;B21;LEC
CMIS;2ar;5;SAPRO;FME203.2;C000 b;LEC
PBA;2ar;5;MCFM;FME203.1;C000 m;LEC
PBM;2ar;5;MCFM;FME203.1;C001;LEC
GRMAm;2ar;5;EMINF;ELE203.1;C101;LEC
DEAl;2ar;5;TPIDA;ELE302.2;C102;LEC
RPFJ;2ar;5;IEINT;ELE202.1;C103;LEC
GAPA;2ar;5;INST;IMA302.2;C104;LEC
SGDR;2ar;5;ANEH;IMA201.1;C106;LEC
FCBJ;2ar;5;PRFB;IMA302.1;C110;LEC
MSJM;2ar;5;PRFB;IMA302.1;C110;LEC
IGJL;2ar;5;ICTVE;ELE202.2;C200;LEC
MCCA;2ar;5;SIRL;ELE304.1;C202;LEC
BDJL;2ar;5;RETE;ELE304.2;C203;LEC
LLPAd;2ar;5;CIELE;ELE302.1;C204;LEC
MMBE;2ar;5;SMRG;ELE303.1;C205;LEC
GSJL;2ar;5;IMSOP;IFC301.1;C206;LEC
RFVM;2ar;5;IAWEB;IFC301.2;C207;LEC
AVMY;2ar;5;PROGR;IFC303.1;C208;LEC
FMCa;2ar;5;RLOCA;IFC201.1;C209;LEC
ZCJC;2ar;5;DWECL;IFC303.2;C210;LEC
MDAn;2ar;5;SORED;IFC201.2;C211;LEC
ARAN;2ar;5;TRSUP;TMV301.2;CAR1;LEC
LBAD;2ar;5;AMVB;TMV101.2;CAR1B;LEC
LLAC;2ar;5;AMVB;TMV101.2;CAR1B;LEC
GSA;2ar;5;EESVE;TMV201.2;CAR2;LEC
SBAL;2ar;5;EAFNS;TMV301.1;CAR3;LEC
GRD;2ar;5;EAFNS;TMV301.1;CAR3;LEC
AAIg;2ar;5;ELVHB;TMV101.1A;ELV1;LEC
RMJC;2ar;5;ELVHB;TMV101.1A;ELV1;LEC
ABJL;2ar;5;CEAXV;TMV202.2;ELV3;LEC
RCCM;2ar;5;;;;G
DCAL;2ar;5;;;;G
CGCR;2ar;5;;;;G
MTSA;2ar;5;;;;G
FMGE;2ar;5;;;;G
VBMG;2ar;5;;;;G
AOJM;2ar;5;;;;RED
VACA;2ar;5;;;;P.P.
FPPA;2ar;5;;;;P.P.
GBGU;2ar;5;;;;TUT
GAAN;2ar;5;;;;P.P.
GGJJ;2ar;5;;;;RED
GQJL;2ar;5;;;;FCT
SGCA;2ar;5;;;;RED
MRJR;2ar;5;;;;CHL
HLOL;2ar;5;;;;RED
FPLU;2ar;5;;;;RED
LFTE;2ar;5;;;;P.P.
MRMA;2ar;5;;;;UCOORD
LLMa;2ar;5;;;;AAPM
GPA;2ar;5;;;;P.P.
RMDI;2ar;5;;;;FCT
AMLM;2ar;5;;;;FCT
PGCA;2ar;5;;;;P.P.
PACRe;2ar;5;;;;P.P.
RZSU;2ar;5;;;;JD
BMAIs;2ar;5;;;;AAPM
GSGE;2ar;5;;;;P.P.
PMAT;2ar;5;;;;FCT
CSD;2ar;5;;;;AAPM
RRAN;2ar;5;;;;RED
ESIS;2ar;5;;;;RED
LARO;2ar;5;;;;P.P.
CFJA;2ar;5;;;;CHL
GMFJa;2ar;5;;;;FCT
GIMM;2ar;5;;;;TOR
LLLM;2ar;5;;;;P.P.
ISYO;2ar;5;;;;P.P.
ISSM;2ar;5;;;;J E A
GLYo;2ar;5;;;;AAPM
RGRa;2ar;5;;;;CHL
GCCR;2ar;6;EIEMP;ELE203.2;A10;LEC
MTSA;2ar;6;COEB;IMP202.1;A11;LEC
VBMG;2ar;6;EIEMP;TMV201.2;A12;LEC
TRJ;2ar;6;CIA1;TMV101.1B;A13;LEC
RZAM;2ar;6;COS2;IMP101.2;A21;LEC
GMMA;2ar;6;SCAAR;TMV202.1;A30;LEC
NRMP;2ar;6;EIEMP;IMA201.2;A31;LEC
FPPA;2ar;6;MECBA;TMV201.1;A34;LEC
MRMA;2ar;6;EIEMP;TMV301.2;A35;LEC
MAMo;2ar;6;QUAP;QUI201.1;A41;LEC
RBCR;2ar;6;SALB;QUI201.2;A51;LEC
CAE;2ar;6;DMDV;IMP202.2;B01;LEC
MGOl;2ar;6;PEYRE;IMP203.1;B02;LEC
LSMM;2ar;6;COCA;IMP203.2;B03;LEC
PZRu;2ar;6;OACVE;ADG201.1;B10;LEC
LALU;2ar;6;OARHU;ADG201.2;B11;LEC
CGCR;2ar;6;TUTOP;IMP101.1;B12;LEC
GLYo;2ar;6;CONFI;ADG301.2;B20;LEC
AFE;2ar;6;COAC;ADG301.1;B21;LEC
CMIS;2ar;6;SAPRO;FME203.2;C000 b;LEC
PBA;2ar;6;MCFM;FME203.1;c000 m v;LEC
PBM;2ar;6;MCFM;FME203.1;C001;LEC
GRMAm;2ar;6;EMINF;ELE203.1;C101;LEC
DEAl;2ar;6;TPIDA;ELE302.2;C102;LEC
RPFJ;2ar;6;IEINT;ELE202.1;C103;LEC
GAPA;2ar;6;INST;IMA302.2;C104;LEC
SGDR;2ar;6;ANEH;IMA201.1;C106;LEC
IGJL;2ar;6;ICTVE;ELE202.2;C200;LEC
MCCA;2ar;6;SIRL;ELE304.1;C202;LEC
BDJL;2ar;6;RETE;ELE304.2;C203;LEC
CSD;2ar;6;DTIEL;ELE302.1;C204;LEC
MMBE;2ar;6;SMRG;ELE303.1;C205;LEC
BMAIs;2ar;6;LEUPR;IFC301.1;C206;LEC
RFVM;2ar;6;IAWEB;IFC301.2;C207;LEC
AVMY;2ar;6;PROGR;IFC303.1;C208;LEC
FMCa;2ar;6;RLOCA;IFC201.1;C209;LEC
ZCJC;2ar;6;DWECL;IFC303.2;C210;LEC
MDAn;2ar;6;SORED;IFC201.2;C211;LEC
DCAL;2ar;6;ELMQ;IMA302.1;C213;LEC
LBAD;2ar;6;AMVB;TMV101.2;CAR1B;LEC
LLAC;2ar;6;AMVB;TMV101.2;CAR1B;LEC
SBAL;2ar;6;EAFNS;TMV301.1;CAR3;LEC
GRD;2ar;6;EAFNS;TMV301.1;CAR3;LEC
AAIg;2ar;6;ELVHB;TMV101.1A;ELV1;LEC
ABJL;2ar;6;CEAXV;TMV202.2;ELV3;LEC
RCCM;2ar;6;;;;G
GPA;2ar;6;;;;G
JRIS;2ar;6;;;;G
FMGE;2ar;6;;;;G
ISYO;2ar;6;;;;G
MBMS;2ar;6;;;;RED
RMJC;2ar;6;;;;RED
GBGU;2ar;6;;;;P.P.
GAAN;2ar;6;;;;JD
CAMP;2ar;6;;;;RED
LFTE;2ar;6;;;;RED
RMDI;2ar;6;;;;FCT
PACRe;2ar;6;;;;RED
RZSU;2ar;6;;;;P.P.
MSJM;2ar;6;;;;P.P.
PMAT;2ar;6;;;;FCT
GIMM;2ar;6;;;;CRT
LLLM;2ar;6;;;;RED
GRMA;2ar;8;EIEMP;QUI301.2V;a10 v;LEC
MMGE;2ar;8;EIEMP;FME202.2V;a11v;LEC
FAMJ;2ar;8;DCMET;FME301.2V;a30v;LEC
FOMB;2ar;8;EMCBI;QUI301.1V;a40v;LEC
FOMB;2ar;8;EMCBI;QUI301.1V;A50;LEC
JCSA;2ar;8;PMCCO;FME301.1V;c000 b v;LEC
ALAN;2ar;8;PMCCO;FME301.1V;c000 b v;LEC
MAJM;2ar;8;TPIDA;ELE302.2 V;c100 v;LEC
MCRP;2ar;8;SENH;ELE303.1V;c102 v;LEC
DGFA;2ar;8;SSMC;IMA302.2V;c104 v;LEC
GMJO;2ar;8;PRMEC;FME202.1V;c107 v;LEC
FRRa;2ar;8;ISAI;ELE303.2V;c204 v;LEC
GSJL;2ar;8;IMSOP;IFC301.1V;c206 v;LEC
AMLM;2ar;8;ASOPE;IFC301.2V;c207 v;LEC
PGEl;2ar;8;FOLAB;IFC302.1V;c208 v;LEC
BBNO;2ar;8;PDAWE;IFC303.2-D;C209;LEC
GLLN;2ar;8;EIEMP;IFC302.2V;c210v;LEC
GBGU;2ar;8;HACET;IFC401;c211v;LEC
GGSE;2ar;8;RGDM;IMA302.1V;c213 v;LEC
HFP;2ar;8;PRSP;IFC302.2-D;;LEC
PAMCo;2ar;8;;;;G
GMAN;2ar;8;;;;G
ARMT;2ar;8;;;;AAPM
HRMA;2ar;8;;;;FCT
DFME;2ar;8;;;;FCT
THAC;2ar;8;;;;AAPM
AAA;2ar;8;;;;P.P.
CAJC;2ar;8;;;;P.P.
CAL;2ar;8;;;;CHL
MMD;2ar;8;;;;P.P.
DPAV;2ar;8;;;;FCT
BPJD;2ar;8;;;;P.P.
FAMJ;2ar;9;DCMET;FME301.2V;a30v;LEC
FOMB;2ar;9;EMCBI;QUI301.1V;a40v;LEC
THAC;2ar;9;AINST;QUI301.2V;a41v;LEC
FOMB;2ar;9;EMCBI;QUI301.1V;A50;LEC
JCSA;2ar;9;PMCCO;FME301.1V;c000 b v;LEC
ALAN;2ar;9;PMCCO;FME301.1V;c000 b v;LEC
MAJM;2ar;9;TPIDA;ELE302.2 V;c100 v;LEC
MCRP;2ar;9;SENH;ELE303.1V;c102 v;LEC
DGFA;2ar;9;SSMC;IMA302.2V;c104 v;LEC
DPAV;2ar;9;SEEFM;IMA302.1V;c105 v;LEC
GMJO;2ar;9;PRMEC;FME202.1V;c107 v;LEC
FRRa;2ar;9;ISAI;ELE303.2V;c204 v;LEC
GSJL;2ar;9;IMSOP;IFC301.1V;c206 v;LEC
AMLM;2ar;9;ASOPE;IFC301.2V;c207 v;LEC
PGEl;2ar;9;FOLAB;IFC302.1V;c208 v;LEC
GLLN;2ar;9;EIEMP;IFC302.2V;c210v;LEC
GBGU;2ar;9;HACET;IFC401;c211v;LEC
GGSE;2ar;9;MCNUM;FME202.2V;c213 v;LEC
HFP;2ar;9;PRSP;IFC302.2-D;;LEC
ABJa;2ar;9;DIWEB;IFC303.2-D;;LEC
GRMA;2ar;9;;;;G
AAA;2ar;9;;;;G
ARMT;2ar;9;;;;TUT
BPJD;2ar;9;;;;AAPM
PAMCo;2ar;9;;;;P.P.
MGI;2ar;9;;;;P.P.
HRMA;2ar;9;;;;FCT
DFME;2ar;9;;;;FCT
SPMA;2ar;9;;;;FCT
CAJC;2ar;9;;;;TUT
CAL;2ar;9;;;;CHL
MMD;2ar;9;;;;AAPM
MMGE;2ar;9;;;;JD
BBNO;2ar;9;;;;FCT
GMAN;2ar;9;;;;AAPM
GRMA;2ar;10;FOLAB;ELE303.1V;a10 v;LEC
PGEl;2ar;10;EIEMP;IMA302.2V;a11v;LEC
FAMJ;2ar;10;DCMET;FME301.2V;a30v;LEC
FOMB;2ar;10;EMCBI;QUI301.1V;a40v;LEC
THAC;2ar;10;AINST;QUI301.2V;a41v;LEC
FOMB;2ar;10;EMCBI;QUI301.1V;A50;LEC
JCSA;2ar;10;PMCCO;FME301.1V;c000 b v;LEC
ALAN;2ar;10;PMCCO;FME301.1V;c000 b v;LEC
MAJM;2ar;10;TPIDA;ELE302.2 V;c100 v;LEC
DPAV;2ar;10;SEEFM;IMA302.1V;c105 v;LEC
CAL;2ar;10;FBAVI;FME202.1V;c110 v;LEC
GMAN;2ar;10;FBAVI;FME202.1V;c110 v;LEC
MMD;2ar;10;SIPA;ELE303.2V;c204 v;LEC
GSGE;2ar;10;FHARW;IFC301.1V;c206 v;LEC
GLLN;2ar;10;EIEMP;IFC301.2V;c207 v;LEC
CAJC;2ar;10;BDATO;IFC302.1V;c208 v;LEC
HFP;2ar;10;PRSP;IFC302.2V;c210v;LEC
BBNO;2ar;10;INCSG;IFC401;c211v;LEC
GGSE;2ar;10;MCNUM;FME202.2V;c213 v;LEC
PAMCo;2ar;10;ENDES;IFC302.1-D;;LEC
ABJa;2ar;10;DIWEB;IFC303.2-D;;LEC
FRRa;2ar;10;;;;G
MCRP;2ar;10;;;;G
AMLM;2ar;10;;;;G
ARMT;2ar;10;;;;RED
BPJD;2ar;10;;;;P.P.
MGI;2ar;10;;;;TUT
TCJM;2ar;10;;;;P.P.
HRMA;2ar;10;;;;FCT
DFME;2ar;10;;;;FCT
SPMA;2ar;10;;;;P.P.
PGM;2ar;10;;;;CHL
GMJO;2ar;10;;;;TUT
AAA;2ar;10;;;;AAPM
MMGE;2ar;10;;;;JD
DGFA;2ar;10;;;;P.P.
PGEl;2ar;11;EIEMP;FME301.2V;a11v;LEC
MGI;2ar;11;PYLAC;QUI301.2V;a30v;LEC
THAC;2ar;11;ANQUI;QUI301.1V;a41v;LEC
JCSA;2ar;11;PMCCO;FME301.1V;c000 b v;LEC
ALAN;2ar;11;PMCCO;FME301.1V;c000 b v;LEC
MCRP;2ar;11;MDSC;ELE402;c101 v;LEC
MAJM;2ar;11;SSPR;ELE303.1V;c102 v;LEC
DGFA;2ar;11;INST;IMA302.2V;c104 v;LEC
DPAV;2ar;11;SEEFM;IMA302.1V;c105 v;LEC
CAL;2ar;11;FBAVI;FME202.1V;c110 v;LEC
GMAN;2ar;11;FBAVI;FME202.1V;c110 v;LEC
FRRa;2ar;11;GMMIE;ELE302.2 V;c203 v;LEC
MMD;2ar;11;SIPA;ELE303.2V;c204 v;LEC
GSGE;2ar;11;FHARW;IFC301.1V;c206 v;LEC
GLLN;2ar;11;EIEMP;IFC301.2V;c207 v;LEC
CAJC;2ar;11;BDATO;IFC302.1V;c208 v;LEC
HFP;2ar;11;PRSP;IFC302.2V;c210v;LEC
BBNO;2ar;11;INCSG;IFC401;c211v;LEC
GGSE;2ar;11;MCNUM;FME202.2V;c213 v;LEC
PAMCo;2ar;11;ENDES;IFC302.1-D;;LEC
ABJa;2ar;11;DIWEB;IFC303.2-D;;LEC
SPMA;2ar;11;;;;G
AAA;2ar;11;;;;G
GMJO;2ar;11;;;;G
ARMT;2ar;11;;;;RED
BPJD;2ar;11;;;;P.P.
GRMA;2ar;11;;;;P.P.
TCJM;2ar;11;;;;AAPM
HRMA;2ar;11;;;;AAPM
DFME;2ar;11;;;;P.P.
FOMB;2ar;11;;;;FCT
PGM;2ar;11;;;;P.P.
AMLM;2ar;11;;;;P.P.
SGSU;2ar;11;;;;AAPM
FAMJ;2ar;11;;;;P.P.
GMJO;2ar;12;PPROD;FME301.1V;a30v;LEC
MGI;2ar;12;ENFIS;QUI301.2V;a40v;LEC
THAC;2ar;12;ANQUI;QUI301.1V;a41v;LEC
ALAN;2ar;12;PUMCM;FME301.2V;c000 b v;LEC
MCRP;2ar;12;MDSC;ELE402;c101 v;LEC
MAJM;2ar;12;SSPR;ELE303.1V;c102 v;LEC
DGFA;2ar;12;INST;IMA302.2V;c104 v;LEC
SGSU;2ar;12;MEENS;FME202.2V;c107 v;LEC
CAL;2ar;12;FBAVI;FME202.1V;c110 v;LEC
GGSE;2ar;12;FBAVI;FME202.1V;c110 v;LEC
FRRa;2ar;12;GMMIE;ELE302.2 V;c203 v;LEC
AAA;2ar;12;DCTC;ELE303.2V;c204 v;LEC
GSGE;2ar;12;FHARW;IFC301.1V;c206 v;LEC
CAJC;2ar;12;SRINT;IFC301.2V;c207 v;LEC
TCJM;2ar;12;LMSGI;IFC302.1V;c208 v;LEC
SPMA;2ar;12;ENDES;IFC303.1-D;C209;LEC
BPJD;2ar;12;SIGE;IFC302.2V;c210v;LEC
BBNO;2ar;12;INCSG;IFC401;c211v;LEC
HRMA;2ar;12;ELMQ;IMA302.1V;c213 v;LEC
GLLN;2ar;12;FOLAB;IFC302.1-D;;LEC
HFP;2ar;12;;;;G
JCSA;2ar;12;;;;G
PGEl;2ar;12;;;;G
GRMA;2ar;12;;;;P.P.
DFME;2ar;12;;;;RED
ABJa;2ar;12;;;;P.P.
FOMB;2ar;12;;;;FCT
PGM;2ar;12;;;;P.P.
FAMJ;2ar;12;;;;CHL
DPAV;2ar;12;;;;RED
GMJO;2ar;13;PPROD;FME301.1V;a30v;LEC
MGI;2ar;13;ENFIS;QUI301.2V;a40v;LEC
THAC;2ar;13;ANQUI;QUI301.1V;a41v;LEC
ALAN;2ar;13;PUMCM;FME301.2V;c000 b v;LEC
MCRP;2ar;13;MDSC;ELE402;c101 v;LEC
MAJM;2ar;13;SSPR;ELE303.1V;c102 v;LEC
DGFA;2ar;13;INST;IMA302.2V;c104 v;LEC
SGSU;2ar;13;MEENS;FME202.2V;c107 v;LEC
CAL;2ar;13;FBAVI;FME202.1V;c110 v;LEC
GGSE;2ar;13;FBAVI;FME202.1V;c110 v;LEC
GRMA;2ar;13;EIEMP;ELE302.2 V;c203 v;LEC
AAA;2ar;13;DCTC;ELE303.2V;c204 v;LEC
PGEl;2ar;13;FOLAB;IFC301.1V;c206 v;LEC
CAJC;2ar;13;SRINT;IFC301.2V;c207 v;LEC
TCJM;2ar;13;LMSGI;IFC302.1V;c208 v;LEC
SPMA;2ar;13;ENDES;IFC303.1-D;C209;LEC
BPJD;2ar;13;SIGE;IFC302.2V;c210v;LEC
HRMA;2ar;13;ELMQ;IMA302.1V;c213 v;LEC
GLLN;2ar;13;FOLAB;IFC302.1-D;;LEC
DFME;2ar;13;;;;G
HFP;2ar;13;;;;G
PGM;2ar;13;;;;RED
BBNO;2ar;13;;;;RED
GCCR;3ie;1;EIEMP;IMP202.2;A10;LEC
CAMP;3ie;1;MVIP;IMP203.2;A11;LEC
MBMS;3ie;1;CIA2;TMV101.2;A12;LEC
AOJM;3ie;1;COS1;TMV101.1B;A13;LEC
TRJ;3ie;1;CIA2;IMP101.2;A21;LEC
VBMG;3ie;1;EIEMP;TMV201.2;A31;LEC
RRAN;3ie;1;EMSIN;TMV201.1;A34;LEC
SBAL;3ie;1;EMSIN;TMV201.1;A34;LEC
ESIS;3ie;1;CFSDI;TMV202.1;A35;LEC
CFJA;3ie;1;CFSDI;TMV202.1;A35;LEC
LARO;3ie;1;ADLB;QUI201.1;A41;LEC
MAMo;3ie;1;OAQM;QUI201.2;A50;LEC
RZSU;3ie;1;THFCO;IMP202.1;B01;LEC
MGOl;3ie;1;PEYRE;IMP203.1;B02;LEC
CGCR;3ie;1;CCCB;IMP101.1;B03;LEC
PZRu;3ie;1;CEACL;ADG201.1;B10;LEC
LFTE;3ie;1;OAGTS;ADG201.2;B11;LEC
GAAN;3ie;1;SIEM;ADG301.2;B20;LEC
GGJJ;3ie;1;RHRSC;ADG301.1;B21;LEC
PBA;3ie;1;SANAT;FME203.1;c000 b v;LEC
JCSA;3ie;1;MONTA;FME203.2;C000 m;LEC
IGJL;3ie;1;AUTIN;ELE202.1;C100;LEC
RPFJ;3ie;1;AUTIN;ELE202.1;C100;LEC
GQJL;3ie;1;IDOMO;ELE202.2;C102;LEC
MRJR;3ie;1;TPIEL;ELE302.1;C103;LEC
GAPA;3ie;1;CSME;IMA302.2;C104;LEC
LLPAd;3ie;1;EYAE;IMA201.1;C106;LEC
PGCA;3ie;1;MMME;IMA201.2;C109;LEC
PACRe;3ie;1;ICTVE;ELE203.1;C200;LEC
GRMAm;3ie;1;CCTSE;ELE203.2;C201;LEC
FMGE;3ie;1;SIHD;ELE304.2;C202;LEC
GPA;3ie;1;GPIT;ELE304.1;C203;LEC
MMBE;3ie;1;SMRG;ELE303.1;C204;LEC
CSD;3ie;1;DRECT;ELE302.2;C205;LEC
RFVM;3ie;1;GBDAT;IFC301.1;C206;LEC
BBNO;3ie;1;ASGBD;IFC301.2;C207;LEC
HLOL;3ie;1;SIINF;IFC303.1;C208;LEC
GSGE;3ie;1;MMEQP;IFC201.1;C209;LEC
ZCJC;3ie;1;DWECL;IFC303.2;C210;LEC
VACA;3ie;1;EIEMP;IFC201.2;C211;LEC
DCAL;3ie;1;ELMQ;IMA302.1;C213;LEC
SGCA;3ie;1;ELMQ;IMA302.1;C213;LEC
ARAN;3ie;1;TRSUP;TMV301.2;CAR1;LEC
AAIg;3ie;1;MEVEB;TMV101.1A;ELV1;LEC
FPLU;3ie;1;SSCON;TMV202.2;ELV3;LEC
GMMA;3ie;1;MTSAX;TMV301.1;ELV5;LEC
CMIS;3ie;1;;;;G
PAMCo;3ie;1;;;;G
ABJL;3ie;1;;;;G
GBGU;3ie;1;;;;G
GSA;3ie;1;;;;G
RMVa;3ie;1;;;;G
ISSM;3ie;1;;;;RDP
LCAMa;3ie;1;;;;RDP
RBCR;3ie;1;;;;ApUC
AVMY;3ie;1;;;;RED
SPMA;3ie;1;;;;RED
LBAD;3ie;1;;;;CHL
AAA;3ie;1;;;;FCT
BDJL;3ie;1;;;;JD
GIMM;3ie;1;;;;TOR
GCCR;3ie;2;EIEMP;IMP202.2;A10;LEC
AOJM;3ie;2;COS2;TMV101.2;A12;LEC
GMFJa;3ie;2;PRLA;TMV101.1B;A13;LEC
TRJ;3ie;2;CIA2;IMP101.2;A21;LEC
NRMP;3ie;2;EIEMP;IMP203.2;A30;LEC
VBMG;3ie;2;EIEMP;TMV201.2;A31;LEC
BLLMa;3ie;2;FOLAB;TMV202.1;A35;LEC
LARO;3ie;2;ADLB;QUI201.1;A41;LEC
MAMo;3ie;2;OAQM;QUI201.2;A50;LEC
PAMCo;3ie;2;PROGR;IFC302.1-D;AT.TFNO2;LEC
RZSU;3ie;2;THFCO;IMP202.1;B01;LEC
RMVa;3ie;2;THFCO;IMP202.1;B01;LEC
MGOl;3ie;2;PEYRE;IMP203.1;B02;LEC
CGCR;3ie;2;CCCB;IMP101.1;B03;LEC
PZRu;3ie;2;CEACL;ADG201.1;B10;LEC
LFTE;3ie;2;OAGTS;ADG201.2;B11;LEC
GAAN;3ie;2;SIEM;ADG301.2;B20;LEC
AMMB;3ie;2;INGLE;ADG301.1;B21;LEC
PBA;3ie;2;SANAT;FME203.1;c000 b v;LEC
JCSA;3ie;2;MONTA;FME203.2;C000 m;LEC
IGJL;3ie;2;AUTIN;ELE202.1;C100;LEC
RPFJ;3ie;2;AUTIN;ELE202.1;C100;LEC
GQJL;3ie;2;IDOMO;ELE202.2;C102;LEC
MRJR;3ie;2;TPIEL;ELE302.1;C103;LEC
GAPA;3ie;2;CSME;IMA302.2;C104;LEC
LLPAd;3ie;2;EYAE;IMA201.1;C106;LEC
PGCA;3ie;2;MMME;IMA201.2;C109;LEC
PACRe;3ie;2;ICTVE;ELE203.1;C200;LEC
GRMAm;3ie;2;CCTSE;ELE203.2;C201;LEC
FMGE;3ie;2;SIHD;ELE304.2;C202;LEC
GPA;3ie;2;GPIT;ELE304.1;C203;LEC
MMBE;3ie;2;SMRG;ELE303.1;C204;LEC
CSD;3ie;2;DRECT;ELE302.2;C205;LEC
RFVM;3ie;2;GBDAT;IFC301.1;C206;LEC
BBNO;3ie;2;ASGBD;IFC301.2;C207;LEC
HLOL;3ie;2;SIINF;IFC303.1;C208;LEC
GSGE;3ie;2;MMEQP;IFC201.1;C209;LEC
ZCJC;3ie;2;DWECL;IFC303.2;C210;LEC
GBGU;3ie;2;SERED;IFC201.2;C211;LEC
DCAL;3ie;2;ELMQ;IMA302.1;C213;LEC
SGCA;3ie;2;ELMQ;IMA302.1;C213;LEC
ARAN;3ie;2;TRSUP;TMV301.2;CAR1;LEC
GRD;3ie;2;EAMOV;TMV201.1;CAR3;LEC
CFJA;3ie;2;EAMOV;TMV201.1;CAR3;LEC
AAIg;3ie;2;ELVHB;TMV101.1A;ELV1;LEC
FPLU;3ie;2;SSCON;TMV202.2;ELV3;LEC
GMMA;3ie;2;MTSAX;TMV301.1;ELV5;LEC
CMIS;3ie;2;;;;G
MBMS;3ie;2;;;;G
GGJJ;3ie;2;;;;G
SBAL;3ie;2;;;;G
GSJL;3ie;2;;;;G
ESIS;3ie;2;;;;G
ISSM;3ie;2;;;;RDP
LCAMa;3ie;2;;;;RDP
RBCR;3ie;2;;;;UCOORD
FCBJ;3ie;2;;;;P.P.
LALU;3ie;2;;;;RED
VACA;3ie;2;;;;UCOORD
ABJL;3ie;2;;;;FCT
RCCM;3ie;2;;;;FCT
FPPA;3ie;2;;;;RED
RMJC;3ie;2;;;;P.P.
FMCa;3ie;2;;;;RED
MCCA;3ie;2;;;;CHL
DEAl;3ie;2;;;;CHL
AVMY;3ie;2;;;;P.P.
CAMP;3ie;2;;;;P.P.
CAE;3ie;2;;;;P.P.
MRMA;3ie;2;;;;RED
SPMA;3ie;2;;;;AAPM
LBAD;3ie;2;;;;P.P.
MTSA;3ie;2;;;;FCT
AAA;3ie;2;;;;FCT
JRIS;3ie;2;;;;P.P.
BDJL;3ie;2;;;;JD
MSJM;3ie;2;;;;P.P.
GSA;3ie;2;;;;AAPM
RRAN;3ie;2;;;;P.P.
AFE;3ie;2;;;;P.P.
GIMM;3ie;2;;;;TOR
LLAC;3ie;2;;;;P.P.
GCCR;3ie;3;FOLAB;ELE203.1;A10;LEC
CAMP;3ie;3;MVIP;IMP202.2;A11;LEC
FPPA;3ie;3;EMBSU;TMV201.2;A12;LEC
GMFJa;3ie;3;TUTA1;TMV101.1B;A13;LEC
NRMP;3ie;3;FOLAB;IMP203.1;A30;LEC
LCAMa;3ie;3;EIEMP;IMA302.2;A31;LEC
SBAL;3ie;3;MECBA;TMV202.1;A34;LEC
GSA;3ie;3;SESGC;TMV301.1;A35;LEC
LARO;3ie;3;ADLB;QUI201.1;A41;LEC
MAMo;3ie;3;OAQM;QUI201.2;A50;LEC
PAMCo;3ie;3;ENDES;IFC302.1-D;AT.TFNO;LEC
BBNO;3ie;3;PDAWE;IFC303.2-D;AT.TFNO2;LEC
RZSU;3ie;3;THFCO;IMP202.1;B01;LEC
RMVa;3ie;3;THFCO;IMP202.1;B01;LEC
JRIS;3ie;3;PEEM;IMP203.2;B02;LEC
CGCR;3ie;3;CCCB;IMP101.1;B03;LEC
AMMB;3ie;3;INGLE;ADG201.1;B10;LEC
GAAN;3ie;3;TDCTB;ADG201.2;B11;LEC
MGOl;3ie;3;ATCL;IMP101.2;B12;LEC
LFTE;3ie;3;GEFI;ADG301.2;B20;LEC
GGJJ;3ie;3;PIAC;ADG301.1;B21;LEC
PBA;3ie;3;SANAT;FME203.1;c000 b v;LEC
CMIS;3ie;3;SANAT;FME203.1;c000 b v;LEC
JCSA;3ie;3;MONTA;FME203.2;C000 m;LEC
IGJL;3ie;3;AUTIN;ELE202.1;C100;LEC
RPFJ;3ie;3;AUTIN;ELE202.1;C100;LEC
PACRe;3ie;3;STFM;ELE304.1;C101;LEC
GQJL;3ie;3;IDOMO;ELE202.2;C102;LEC
MRJR;3ie;3;TPIEL;ELE302.1;C103;LEC
LLPAd;3ie;3;EYAE;IMA201.1;C107;LEC
PGCA;3ie;3;MMME;IMA201.2;C109;LEC
GRMAm;3ie;3;CCTSE;ELE203.2;C201;LEC
FMGE;3ie;3;SIHD;ELE304.2;C202;LEC
RGRa;3ie;3;EIEMP;ELE302.2;C204;LEC
DEAl;3ie;3;SPOT;ELE303.1;C205;LEC
RFVM;3ie;3;GBDAT;IFC301.1;C206;LEC
SPMA;3ie;3;SADIS;IFC301.2;C207;LEC
MRMA;3ie;3;FOLAB;IFC303.1;C208;LEC
GSGE;3ie;3;MMEQP;IFC201.1;C209;LEC
HLOL;3ie;3;DIWEB;IFC303.2;C210;LEC
GBGU;3ie;3;SERED;IFC201.2;C211;LEC
FCBJ;3ie;3;RGDM;IMA302.1;C213;LEC
ARAN;3ie;3;TRSUP;TMV301.2;CAR1;LEC
LBAD;3ie;3;PRSB;TMV101.2;CAR1B;LEC
GRD;3ie;3;EAMOV;TMV201.1;CAR3;LEC
CFJA;3ie;3;EAMOV;TMV201.1;CAR3;LEC
AAIg;3ie;3;MEYS;TMV101.1A;ELV1;LEC
FPLU;3ie;3;SSCON;TMV202.2;ELV3;LEC
GAPA;3ie;3;;;;G
AOJM;3ie;3;;;;G
PZRu;3ie;3;;;;G
GPA;3ie;3;;;;G
GSJL;3ie;3;;;;G
RRAN;3ie;3;;;;G
AFE;3ie;3;;;;G
LLAC;3ie;3;;;;G
RBCR;3ie;3;;;;UCOORD
TRJ;3ie;3;;;;P.P.
MBMS;3ie;3;;;;AAPM
LALU;3ie;3;;;;FCT
VACA;3ie;3;;;;UCOORD
ABJL;3ie;3;;;;FCT
RCCM;3ie;3;;;;FCT
RMJC;3ie;3;;;;P.P.
FMCa;3ie;3;;;;AAPM
DCAL;3ie;3;;;;P.P.
MCCA;3ie;3;;;;CHL
AVMY;3ie;3;;;;AAPM
SGCA;3ie;3;;;;AAPM
CAE;3ie;3;;;;AAPM
GMMA;3ie;3;;;;RED
LSMM;3ie;3;;;;FCT
MTSA;3ie;3;;;;FCT
AAA;3ie;3;;;;FCT
BDJL;3ie;3;;;;AAPM
MSJM;3ie;3;;;;P.P.
SGDR;3ie;3;;;;CHL
BLLMa;3ie;3;;;;RED
PMAT;3ie;3;;;;RED
CSD;3ie;3;;;;P.P.
ESIS;3ie;3;;;;AAPM
MMBE;3ie;3;;;;P.P.
GIMM;3ie;3;;;;TOR
ISSM;3ie;3;;;;J E A
VBMG;3ie;3;;;;RED
GLLN;3ie;3;;;;RED
PMAT;3ie;4;MQFB;IMP101.2;A02;LEC
NRMP;3ie;4;FOLAB;IMP203.1;A10;LEC
CAMP;3ie;4;ANES;IMP202.1;A11;LEC
GMMA;3ie;4;GLMVH;TMV301.2;A12;LEC
AAIg;3ie;4;TUTA1;TMV101.1A;A13;LEC
AOJM;3ie;4;COS1;IMP101.1;A21;LEC
MRMA;3ie;4;EIEMP;TMV202.2;A30;LEC
BLLMa;3ie;4;EIEMP;ELE202.2;A31;LEC
RMJC;3ie;4;MOTOR;TMV202.1;A35;LEC
FPLU;3ie;4;MOTOR;TMV202.1;A35;LEC
LARO;3ie;4;EMLB;QUI201.2;A40;LEC
RBCR;3ie;4;MOUL;QUI201.1;A41;LEC
GLLN;3ie;4;EIEMP;IFC302.2-D;AT.TFNO;LEC
PAMCo;3ie;4;PROGR;IFC303.1-D;AT.TFNO2;LEC
JRIS;3ie;4;PEEM;IMP203.2;B02;LEC
PZRu;3ie;4;EMPAD;ADG201.1;B10;LEC
GAAN;3ie;4;TDCTB;ADG201.2;B11;LEC
MTSA;3ie;4;PCNA;IMP202.2;B12;LEC
LFTE;3ie;4;GEFI;ADG301.2;B20;LEC
AFE;3ie;4;COAC;ADG301.1;B21;LEC
CMIS;3ie;4;SAPRO;FME203.2;C000 b;LEC
PBA;3ie;4;MCFM;FME203.1;c000 m v;LEC
PBM;3ie;4;MCFM;FME203.1;C001;LEC
GPA;3ie;4;ETRAP;ELE203.1;C101;LEC
GQJL;3ie;4;IDOMO;ELE203.2;C102;LEC
RPFJ;3ie;4;IEINT;ELE202.1;C103;LEC
SGDR;3ie;4;ANEH;IMA201.1;C104;LEC
MRJR;3ie;4;MMEE;IMA201.2;C106;LEC
FCBJ;3ie;4;PRFB;IMA302.1;C110;LEC
MSJM;3ie;4;PRFB;IMA302.1;C110;LEC
PACRe;3ie;4;TPIT;ELE304.1;C201;LEC
MCCA;3ie;4;SPAU;ELE304.2;C202;LEC
RGRa;3ie;4;FOLAB;ELE302.1;C203;LEC
MMBE;3ie;4;PSEAT;ELE302.2;C204;LEC
DEAl;3ie;4;SPOT;ELE303.1;C205;LEC
FMCa;3ie;4;PARDS;IFC301.1;C206;LEC
GBGU;3ie;4;SRINT;IFC301.2;C207;LEC
RFVM;3ie;4;BDATO;IFC303.1;C208;LEC
ZCJC;3ie;4;APOFM;IFC201.1;C209;LEC
HLOL;3ie;4;DIWEB;IFC303.2;C210;LEC
SPMA;3ie;4;SEGIN;IFC201.2;C211;LEC
SGCA;3ie;4;PGMC;IMA302.2;C213;LEC
LLAC;3ie;4;PRSUP;TMV201.2;CAR1;LEC
LBAD;3ie;4;PRSB;TMV101.2;CAR1B;LEC
ESIS;3ie;4;EFIJ;TMV201.1;CAR3;LEC
RRAN;3ie;4;EFIJ;TMV201.1;CAR3;LEC
GMFJa;3ie;4;ELVHB;TMV101.1B;ELV1;LEC
CFJA;3ie;4;STFTR;TMV301.1;ELV4;LEC
GRD;3ie;4;STFTR;TMV301.1;ELV4;LEC
TRJ;3ie;4;;;;G
VACA;3ie;4;;;;G
AVMY;3ie;4;;;;G
LLPAd;3ie;4;;;;G
JCSA;3ie;4;;;;G
GLYo;3ie;4;;;;G
ARAN;3ie;4;;;;FCT
GAPA;3ie;4;;;;P.P.
MBMS;3ie;4;;;;P.P.
LALU;3ie;4;;;;FCT
RCCM;3ie;4;;;;FCT
FPPA;3ie;4;;;;FCT
MGOl;3ie;4;;;;P.P.
MAMo;3ie;4;;;;TUT
DCAL;3ie;4;;;;FCT
GGJJ;3ie;4;;;;P.P.
CAE;3ie;4;;;;P.P.
SBAL;3ie;4;;;;AAPM
CGCR;3ie;4;;;;FCT
GCCR;3ie;4;;;;P.P.
LSMM;3ie;4;;;;FCT
GSJL;3ie;4;;;;RED
GRMAm;3ie;4;;;;TUT
AAA;3ie;4;;;;FCT
PGCA;3ie;4;;;;JD
BDJL;3ie;4;;;;RED
AMMB;3ie;4;;;;JD
RZSU;3ie;4;;;;AAPM
GSA;3ie;4;;;;P.P.
FMGE;3ie;4;;;;FCT
IGJL;3ie;4;;;;CHL
GSGE;3ie;4;;;;NNTT
CSD;3ie;4;;;;TUT
GIMM;3ie;4;;;;AAPM
RMVa;3ie;4;;;;AAPM
LCAMa;3ie;4;;;;J E A
ISSM;3ie;4;;;;UCOORD
RMVa;3ie;5;ESTMP;IMP202.1;A01;LEC
RZSU;3ie;5;ESTMP;IMP202.1;A01;LEC
PMAT;3ie;5;MQFB;IMP101.2;A02;LEC
CAMP;3ie;5;ICHS;IMP203.1;A11;LEC
TRJ;3ie;5;CIA1;TMV101.1A;A13;LEC
MBMS;3ie;5;CIA1;TMV101.1A;A13;LEC
CFJA;3ie;5;STFTR;TMV301.1;A34;LEC
GRD;3ie;5;STFTR;TMV301.1;A34;LEC
FPLU;3ie;5;STFRE;TMV202.2;A35;LEC
LARO;3ie;5;EMLB;QUI201.2;A40;LEC
RBCR;3ie;5;MOUL;QUI201.1;A41;LEC
PAMCo;3ie;5;DAWEB;IFC303.2-D;AT.TFNO;LEC
CAE;3ie;5;DMDV;IMP202.2;B01;LEC
JRIS;3ie;5;PEEM;IMP203.2;B02;LEC
AFE;3ie;5;TIINF;ADG201.1;B10;LEC
LALU;3ie;5;OARHU;ADG201.2;B11;LEC
LSMM;3ie;5;PRLP;IMP101.1;B12;LEC
GLYo;3ie;5;CONFI;ADG301.2;B20;LEC
NRMP;3ie;5;FOLAB;ADG301.1;B21;LEC
CMIS;3ie;5;SAPRO;FME203.2;c000 b v;LEC
JCSA;3ie;5;SAPRO;FME203.2;c000 b v;LEC
PBA;3ie;5;MCFM;FME203.1;c000 m v;LEC
PBM;3ie;5;MCFM;FME203.1;C001;LEC
GPA;3ie;5;ETRAP;ELE203.1;C101;LEC
GQJL;3ie;5;IDOMO;ELE203.2;C102;LEC
ISSM;3ie;5;ELTEC;ELE202.1;C103;LEC
SGDR;3ie;5;ANEH;IMA201.1;C104;LEC
MRJR;3ie;5;MMEE;IMA201.2;C106;LEC
FCBJ;3ie;5;PRFB;IMA302.1;C110;LEC
MSJM;3ie;5;PRFB;IMA302.1;C110;LEC
RCCM;3ie;5;PIICT;ELE302.2;C200;LEC
PACRe;3ie;5;TPIT;ELE304.1;C201;LEC
MCCA;3ie;5;SPAU;ELE304.2;C202;LEC
LLPAd;3ie;5;INFIN;ELE303.1;C203;LEC
RGRa;3ie;5;FOLAB;ELE302.1;C204;LEC
MMBE;3ie;5;IDIST;ELE202.2;C205;LEC
AVMY;3ie;5;LMSGI;IFC301.1;C206;LEC
GBGU;3ie;5;SRINT;IFC301.2;C207;LEC
RFVM;3ie;5;BDATO;IFC303.1;C208;LEC
ZCJC;3ie;5;APOFM;IFC201.1;C209;LEC
LCAMa;3ie;5;EIEMP;IFC303.2;C210;LEC
SPMA;3ie;5;SEGIN;IFC201.2;C211;LEC
SGCA;3ie;5;PGMC;IMA302.2;C213;LEC
LLAC;3ie;5;PRSUP;TMV201.2;CAR1;LEC
LBAD;3ie;5;PRSB;TMV101.2;CAR1B;LEC
ABJL;3ie;5;ESTVH;TMV301.2;CAR2;LEC
ESIS;3ie;5;EFIJ;TMV201.1;CAR3;LEC
RRAN;3ie;5;EFIJ;TMV201.1;CAR3;LEC
GMFJa;3ie;5;MEVEB;TMV101.1B;ELV1;LEC
GMMA;3ie;5;SCAAR;TMV202.1;ELV3;LEC
RMJC;3ie;5;;;;G
FMCa;3ie;5;;;;G
SBAL;3ie;5;;;;G
MTSA;3ie;5;;;;G
CSD;3ie;5;;;;G
ARAN;3ie;5;;;;FCT
GAPA;3ie;5;;;;P.P.
AOJM;3ie;5;;;;P.P.
PZRu;3ie;5;;;;CHL
VACA;3ie;5;;;;P.P.
FPPA;3ie;5;;;;FCT
MAMo;3ie;5;;;;P.P.
DCAL;3ie;5;;;;FCT
GAAN;3ie;5;;;;RED
DEAl;3ie;5;;;;AAPM
HLOL;3ie;5;;;;P.P.
RPFJ;3ie;5;;;;P.P.
LFTE;3ie;5;;;;RED
MRMA;3ie;5;;;;P.P.
CGCR;3ie;5;;;;FCT
GCCR;3ie;5;;;;RED
GSJL;3ie;5;;;;P.P.
GRMAm;3ie;5;;;;P.P.
PGCA;3ie;5;;;;P.P.
AMMB;3ie;5;;;;AAPM
BLLMa;3ie;5;;;;RED
GSA;3ie;5;;;;RED
FMGE;3ie;5;;;;FCT
GSGE;3ie;5;;;;P.P.
AAIg;3ie;5;;;;RED
GIMM;3ie;5;;;;TOR
GLLN;3ie;5;;;;AAPM
RMVa;3ie;6;ESTMP;IMP202.1;A01;LEC
PMAT;3ie;6;MQFB;IMP101.2;A02;LEC
MRMA;3ie;6;FOLAB;ELE303.1;A10;LEC
MTSA;3ie;6;COPE;IMP203.1;A11;LEC
TRJ;3ie;6;CIA1;TMV101.1A;A13;LEC
MBMS;3ie;6;CIA1;TMV101.1A;A13;LEC
CAMP;3ie;6;ANCA;IMP203.2;A30;LEC
RGRa;3ie;6;EIEMP;ELE304.2;A31;LEC
SBAL;3ie;6;EAFNS;TMV301.1;A34;LEC
GRD;3ie;6;EAFNS;TMV301.1;A34;LEC
RMJC;3ie;6;SAXMO;TMV202.2;A35;LEC
LARO;3ie;6;TBMB;QUI201.2;A40;LEC
RBCR;3ie;6;MOUL;QUI201.1;A41;LEC
CAE;3ie;6;DMDV;IMP202.2;B01;LEC
CGCR;3ie;6;LCFB;IMP101.1;B03;LEC
AFE;3ie;6;TIINF;ADG201.1;B10;LEC
LALU;3ie;6;OARHU;ADG201.2;B11;LEC
GLYo;3ie;6;CONFI;ADG301.2;B20;LEC
NRMP;3ie;6;FOLAB;ADG301.1;B21;LEC
CMIS;3ie;6;SAPRO;FME203.2;C000 b;LEC
GRMAm;3ie;6;EMINF;ELE203.1;C101;LEC
GQJL;3ie;6;IDOMO;ELE203.2;C102;LEC
ISSM;3ie;6;ELTEC;ELE202.1;C103;LEC
SGDR;3ie;6;ANEH;IMA201.1;C104;LEC
MRJR;3ie;6;MMEE;IMA201.2;C106;LEC
BLLMa;3ie;6;FOLAB;FME203.1;C107;LEC
RCCM;3ie;6;PIICT;ELE302.2;C200;LEC
PACRe;3ie;6;TPIT;ELE304.1;C201;LEC
DEAl;3ie;6;SEEFM;IMA302.1;C203;LEC
CSD;3ie;6;DTIEL;ELE302.1;C204;LEC
MMBE;3ie;6;IDIST;ELE202.2;C205;LEC
AVMY;3ie;6;LMSGI;IFC301.1;C206;LEC
GBGU;3ie;6;SRINT;IFC301.2;C207;LEC
FMCa;3ie;6;ENDES;IFC303.1;C208;LEC
ZCJC;3ie;6;APOFM;IFC201.1;C209;LEC
LCAMa;3ie;6;EIEMP;IFC303.2;C210;LEC
SPMA;3ie;6;SEGIN;IFC201.2;C211;LEC
SGCA;3ie;6;PGMC;IMA302.2;C213;LEC
LLAC;3ie;6;PRSUP;TMV201.2;CAR1;LEC
LBAD;3ie;6;PRSB;TMV101.2;CAR1B;LEC
ABJL;3ie;6;ESTVH;TMV301.2;CAR2;LEC
ESIS;3ie;6;EFIJ;TMV201.1;CAR3;LEC
RRAN;3ie;6;EFIJ;TMV201.1;CAR3;LEC
GMFJa;3ie;6;MEYS;TMV101.1B;ELV1;LEC
GMMA;3ie;6;SCAAR;TMV202.1;ELV3;LEC
PAMCo;3ie;6;;;;G
FPPA;3ie;6;;;;G
MAMo;3ie;6;;;;G
LSMM;3ie;6;;;;G
GAPA;3ie;6;;;;RED
MCCA;3ie;6;;;;RED
RPFJ;3ie;6;;;;RED
FPLU;3ie;6;;;;CHL
LLPAd;3ie;6;;;;RED
AMMB;3ie;6;;;;RED
RZSU;3ie;6;;;;P.P.
MSJM;3ie;6;;;;P.P.
FMGE;3ie;6;;;;FCT
BBNO;3ie;6;;;;PDIG
PBA;3ie;6;;;;RED
GIMM;3ie;6;;;;RED
GLLN;3ie;6;;;;RED
GRMA;3ie;8;FOLAB;QUI301.1V;a10 v;LEC
PGEl;3ie;8;FOLAB;FME202.1V;a12v;LEC
FOMB;3ie;8;CASLB;QUI301.2V;a30v;LEC
ALAN;3ie;8;PUMCM;FME301.2V;c000 b v;LEC
MAJM;3ie;8;TPIDA;ELE302.2 V;c102 v;LEC
GGSE;3ie;8;SHNE;IMA302.1V;c104 v;LEC
CAL;3ie;8;PSAFM;FME301.1V;c105 v;LEC
PGM;3ie;8;FABRA;FME202.2V;c110 v;LEC
FRRa;3ie;8;ISAI;ELE303.2V;c204 v;LEC
MMD;3ie;8;SMRG;ELE303.1V;c205v;LEC
ARMT;3ie;8;GBDAT;IFC301.1V;c206 v;LEC
AMLM;3ie;8;ASOPE;IFC301.2V;c207 v;LEC
RZAM;3ie;8;LEUPR;IFC302.1V;c208 v;LEC
ISYO;3ie;8;DWESE;IFC303.2-D;C209;LEC
DFME;3ie;8;DEDI;IFC302.2V;c210v;LEC
HFP;3ie;8;NORCIB;IFC401;c211v;LEC
HRMA;3ie;8;CSME;IMA302.2V;c213 v;LEC
TCJM;3ie;8;LMSGI;IFC302.1-D;;LEC
SGSU;3ie;8;;;;G
BPJD;3ie;8;;;;NNTT
MDAn;3ie;8;;;;FCT
FAMJ;3ie;8;;;;FCT
LLLM;3ie;8;;;;P.P.
GRMA;3ie;9;FOLAB;QUI301.1V;a10 v;LEC
GMJO;3ie;9;PRMEC;FME202.1V;a30v;LEC
FOMB;3ie;9;EBIOT;QUI301.2V;a40v;LEC
FOMB;3ie;9;EBIOT;QUI301.2V;A50;LEC
ALAN;3ie;9;PUMCM;FME301.2V;c000 b v;LEC
MAJM;3ie;9;TPIDA;ELE302.2 V;c102 v;LEC
GGSE;3ie;9;SHNE;IMA302.1V;c104 v;LEC
CAL;3ie;9;PSAFM;FME301.1V;c105 v;LEC
PGM;3ie;9;FABRA;FME202.2V;c110 v;LEC
FRRa;3ie;9;ISAI;ELE303.2V;c204 v;LEC
MMD;3ie;9;SMRG;ELE303.1V;c205v;LEC
ARMT;3ie;9;GBDAT;IFC301.1V;c206 v;LEC
AMLM;3ie;9;ASOPE;IFC301.2V;c207 v;LEC
RZAM;3ie;9;LEUPR;IFC302.1V;c208 v;LEC
ISYO;3ie;9;DWESE;IFC303.2-D;C209;LEC
DFME;3ie;9;DEDI;IFC302.2V;c210v;LEC
HFP;3ie;9;NORCIB;IFC401;c211v;LEC
HRMA;3ie;9;CSME;IMA302.2V;c213 v;LEC
TCJM;3ie;9;LMSGI;IFC302.1-D;;LEC
ABJa;3ie;9;;;;G
RMDI;3ie;9;;;;G
BPJD;3ie;9;;;;NNTT
MDAn;3ie;9;;;;FCT
MGI;3ie;9;;;;P.P.
JCSA;3ie;9;;;;P.P.
CAJC;3ie;9;;;;AAPM
MCRP;3ie;9;;;;P.P.
SGSU;3ie;9;;;;P.P.
PGEl;3ie;9;;;;AAPM
FAMJ;3ie;9;;;;FCT
MMGE;3ie;9;;;;RED
DPAV;3ie;9;;;;CHL
LLLM;3ie;9;;;;JD
PGEl;3ie;10;EIEMP;IMA302.2V;a10 v;LEC
BMAIs;3ie;10;LEUPR;IMA302.1V;a11v;LEC
GMJO;3ie;10;PRMEC;FME202.1V;a30v;LEC
FOMB;3ie;10;EBIOT;QUI301.2V;a40v;LEC
MGI;3ie;10;MPMUE;QUI301.1V;a41v;LEC
FOMB;3ie;10;EBIOT;QUI301.2V;A50;LEC
ALAN;3ie;10;PUMCM;FME301.2V;c000 b v;LEC
MAJM;3ie;10;TPIDA;ELE302.2 V;c102 v;LEC
SGSU;3ie;10;RGFME;FME301.1V;c104 v;LEC
HRMA;3ie;10;RGFME;FME301.1V;c104 v;LEC
PGM;3ie;10;FABRA;FME202.2V;c110 v;LEC
RZAM;3ie;10;LEUPR;ELE303.1V;c203 v;LEC
MMD;3ie;10;PARI;ELE303.2V;c204 v;LEC
LLLM;3ie;10;PARDS;IFC301.1V;c206 v;LEC
ARMT;3ie;10;IAWEB;IFC301.2V;c207 v;LEC
CAJC;3ie;10;BDATO;IFC302.1V;c208 v;LEC
ISYO;3ie;10;DWESE;IFC303.2-D;C209;LEC
DFME;3ie;10;DEDI;IFC302.2V;c210v;LEC
BPJD;3ie;10;PUPRSE;IFC401;c211v;LEC
RMDI;3ie;10;AAD;IFC302.2-D;;LEC
GRMA;3ie;10;;;;G
MCRP;3ie;10;;;;G
AMLM;3ie;10;;;;G
MDAn;3ie;10;;;;FCT
FRRa;3ie;10;;;;P.P.
TCJM;3ie;10;;;;P.P.
HFP;3ie;10;;;;P.P.
ABJa;3ie;10;;;;P.P.
JCSA;3ie;10;;;;P.P.
THAC;3ie;10;;;;P.P.
GGSE;3ie;10;;;;P.P.
CAL;3ie;10;;;;AAPM
FAMJ;3ie;10;;;;FCT
MMGE;3ie;10;;;;P.P.
DGFA;3ie;10;;;;RED
DPAV;3ie;10;;;;FCT
PGEl;3ie;11;EIEMP;IMA302.2V;a10 v;LEC
MMGE;3ie;11;EIEMP;ELE303.2V;a11v;LEC
THAC;3ie;11;AINST;QUI301.2V;a40v;LEC
MGI;3ie;11;MPMUE;QUI301.1V;a41v;LEC
ALAN;3ie;11;PYCME;FME301.2V;c000 b v;LEC
MCRP;3ie;11;IDSC;ELE402;c101 v;LEC
SGSU;3ie;11;RGFME;FME301.1V;c104 v;LEC
CAL;3ie;11;SAUTO;FME202.1V;c105 v;LEC
PGM;3ie;11;PRFB;IMA302.1V;c110 v;LEC
GRMA;3ie;11;EIEMP;ELE302.2 V;c203 v;LEC
DPAV;3ie;11;SPOT;ELE303.1V;c205v;LEC
LLLM;3ie;11;PARDS;IFC301.1V;c206 v;LEC
ARMT;3ie;11;IAWEB;IFC301.2V;c207 v;LEC
CAJC;3ie;11;BDATO;IFC302.1V;c208 v;LEC
TCJM;3ie;11;BDATO;IFC303.1-D;C209;LEC
RMDI;3ie;11;AAD;IFC302.2V;c210v;LEC
MDAn;3ie;11;ANFOIN;IFC401;c211v;LEC
GGSE;3ie;11;MCNUM;FME202.2V;c213 v;LEC
ABJa;3ie;11;DEDI;IFC302.2-D;;LEC
DFME;3ie;11;;;;G
MMD;3ie;11;;;;G
AMLM;3ie;11;;;;G
BPJD;3ie;11;;;;RED
FRRa;3ie;11;;;;P.P.
RZAM;3ie;11;;;;RED
HRMA;3ie;11;;;;P.P.
HFP;3ie;11;;;;P.P.
JCSA;3ie;11;;;;P.P.
FOMB;3ie;11;;;;FCT
GMJO;3ie;11;;;;AAPM
BMAIs;3ie;11;;;;RED
FAMJ;3ie;11;;;;RED
DGFA;3ie;11;;;;P.P.
MAJM;3ie;11;;;;AAPM
ISYO;3ie;11;;;;RED
BMAIs;3ie;12;LEUPR;FME301.1V;a11v;LEC
PGEl;3ie;12;EIEMP;FME301.2V;a30v;LEC
THAC;3ie;12;AINST;QUI301.2V;a40v;LEC
MGI;3ie;12;MPMUE;QUI301.1V;a41v;LEC
MCRP;3ie;12;IDSC;ELE402;c101 v;LEC
DGFA;3ie;12;SSMC;IMA302.2V;c104 v;LEC
CAL;3ie;12;SAUTO;FME202.1V;c105 v;LEC
PGM;3ie;12;PRFB;IMA302.1V;c110 v;LEC
MAJM;3ie;12;PIICT;ELE302.2 V;c200 v;LEC
MMD;3ie;12;COIND;ELE303.2V;c204 v;LEC
DPAV;3ie;12;SPOT;ELE303.1V;c205v;LEC
GSJL;3ie;12;IMSOP;IFC301.1V;c206 v;LEC
CAJC;3ie;12;SRINT;IFC301.2V;c207 v;LEC
ARMT;3ie;12;PROGR;IFC302.1V;c208 v;LEC
TCJM;3ie;12;BDATO;IFC303.1-D;C209;LEC
RMDI;3ie;12;AAD;IFC302.2V;c210v;LEC
MDAn;3ie;12;ANFOIN;IFC401;c211v;LEC
GGSE;3ie;12;MCNUM;FME202.2V;c213 v;LEC
ABJa;3ie;12;DEDI;IFC302.2-D;;LEC
HRMA;3ie;12;;;;G
GMJO;3ie;12;;;;G
HFP;3ie;12;;;;G
BPJD;3ie;12;;;;RED
FRRa;3ie;12;;;;RED
RZAM;3ie;12;;;;RED
GRMA;3ie;12;;;;RED
FOMB;3ie;12;;;;FCT
ALAN;3ie;12;;;;AAPM
SGSU;3ie;12;;;;P.P.
FAMJ;3ie;12;;;;CHL
MMGE;3ie;12;;;;P.P.
LLLM;3ie;12;;;;P.P.
MMGE;3ie;13;FOLAB;FME301.1V;a10 v;LEC
BMAIs;3ie;13;LEUPR;QUI301.1V;a11v;LEC
PGEl;3ie;13;EIEMP;FME301.2V;a30v;LEC
THAC;3ie;13;AINST;QUI301.2V;a40v;LEC
MCRP;3ie;13;IDSC;ELE402;c101 v;LEC
DGFA;3ie;13;SSMC;IMA302.2V;c104 v;LEC
CAL;3ie;13;SAUTO;FME202.1V;c105 v;LEC
PGM;3ie;13;PRFB;IMA302.1V;c110 v;LEC
MAJM;3ie;13;PIICT;ELE302.2 V;c200 v;LEC
MMD;3ie;13;COIND;ELE303.2V;c204 v;LEC
DPAV;3ie;13;SPOT;ELE303.1V;c205v;LEC
GSJL;3ie;13;IMSOP;IFC301.1V;c206 v;LEC
CAJC;3ie;13;SRINT;IFC301.2V;c207 v;LEC
ARMT;3ie;13;PROGR;IFC302.1V;c208 v;LEC
TCJM;3ie;13;BDATO;IFC303.1-D;C209;LEC
RMDI;3ie;13;AAD;IFC302.2V;c210v;LEC
GGSE;3ie;13;MCNUM;FME202.2V;c213 v;LEC
ABJa;3ie;13;DEDI;IFC302.2-D;;LEC
MGI;3ie;13;;;;G
HRMA;3ie;13;;;;G
HFP;3ie;13;;;;P.P.
GMJO;3ie;13;;;;P.P.
CAE;4ue;1;MAQUI;IMP202.1;A02;LEC
RGRa;4ue;1;EIEMP;ELE304.2;A10;LEC
GMFJa;4ue;1;PRLA;TMV101.1B;A13;LEC
PMAT;4ue;1;MQFB;IMP101.2;A21;LEC
BLLMa;4ue;1;FOLAB;TMV301.1;A34;LEC
ABJL;4ue;1;CEAXV;TMV202.2;A35;LEC
LARO;4ue;1;TBMB;QUI201.2;A40;LEC
BSVA;4ue;1;PFQM;QUI201.1;A41;LEC
HFP;4ue;1;PMDM;IFC302.2-D;AT.TFNO2;LEC
RZSU;4ue;1;ACES;IMP202.2;B01;LEC
MGOl;4ue;1;PEYRE;IMP203.1;B02;LEC
LSMM;4ue;1;COCA;IMP203.2;B03;LEC
AFE;4ue;1;TIINF;ADG201.1;B10;LEC
PZRu;4ue;1;EMPAU;ADG201.2;B11;LEC
MBMS;4ue;1;CIA1;IMP101.1;B12;LEC
GLYo;4ue;1;CONFI;ADG301.2;B20;LEC
NRMP;4ue;1;FOLAB;ADG301.1;B21;LEC
PBA;4ue;1;SANAT;FME203.1;C000 b;LEC
JCSA;4ue;1;MONTA;FME203.2;C001;LEC
GMDa;4ue;1;IRDST;ELE203.1;C101;LEC
DEAl;4ue;1;TPIDA;ELE302.2;C102;LEC
RPFJ;4ue;1;IEINT;ELE202.1;C103;LEC
SGDR;4ue;1;SSMC;IMA302.2;C104;LEC
FCBJ;4ue;1;SHNE;IMA302.1;C106;LEC
GCCR;4ue;1;EIEMP;ELE203.2;C107;LEC
MSJM;4ue;1;TEFA;IMA201.1;C110;LEC
IGJL;4ue;1;ICTVE;ELE202.2;C200;LEC
PACRe;4ue;1;TPIT;ELE304.1;C201;LEC
LLPAd;4ue;1;INFIN;ELE303.1;C203;LEC
MMBE;4ue;1;SCELE;ELE302.1;C204;LEC
RFVM;4ue;1;IAWEB;IFC301.2;C207;LEC
HLOL;4ue;1;SIINF;IFC303.1;C208;LEC
ZCJC;4ue;1;APOFM;IFC201.1;C209;LEC
LCAMa;4ue;1;EIEMP;IFC303.2;C210;LEC
LLLM;4ue;1;APWEB;IFC201.2;C211;LEC
GSGE;4ue;1;FHARW;IFC301.1;C212;LEC
DCAL;4ue;1;MMLA;IMA201.2;C213;LEC
ARAN;4ue;1;TRSUP;TMV301.2;CAR1;LEC
LBAD;4ue;1;AMVB;TMV101.2;CAR1B;LEC
GSA;4ue;1;EESVE;TMV201.2;CAR2;LEC
GRD;4ue;1;EAMOV;TMV201.1;CAR3;LEC
CFJA;4ue;1;EAMOV;TMV201.1;CAR3;LEC
AAIg;4ue;1;MEYS;TMV101.1A;ELV1;LEC
FPLU;4ue;1;MOTOR;TMV202.1;ELV5;LEC
RMJC;4ue;1;MOTOR;TMV202.1;ELV5;LEC
LALU;4ue;1;;;;G
FMCa;4ue;1;;;;G
GGJJ;4ue;1;;;;G
GQJL;4ue;1;;;;G
GRMAm;4ue;1;;;;G
LLAC;4ue;1;;;;G
AMMB;4ue;1;;;;RDP
AOJM;4ue;1;;;;RDP
BMAIs;4ue;1;;;;RDP
MCCA;4ue;1;;;;RDP
RZAM;4ue;1;;;;RDP
RBCR;4ue;1;;;;ApUC
MRJR;4ue;1;;;;P.P.
BDJL;4ue;1;;;;P.P.
SGSU;4ue;1;;;;FCT
CAE;4ue;2;MAQUI;IMP202.1;A02;LEC
RGRa;4ue;2;EIEMP;ELE304.2;A10;LEC
AOJM;4ue;2;COS1;TMV101.1B;A13;LEC
PMAT;4ue;2;TUTA2;IMP101.2;A21;LEC
RZSU;4ue;2;ACES;IMP202.2;A30;LEC
BLLMa;4ue;2;FOLAB;TMV301.1;A34;LEC
MRMA;4ue;2;EIEMP;TMV202.2;A35;LEC
LARO;4ue;2;TBMB;QUI201.2;A40;LEC
BSVA;4ue;2;PFQM;QUI201.1;A41;LEC
HFP;4ue;2;PRSP;IFC302.2-D;AT.TFNO2;LEC
MGOl;4ue;2;PEYRE;IMP203.1;B02;LEC
LSMM;4ue;2;COCA;IMP203.2;B03;LEC
AFE;4ue;2;TIINF;ADG201.1;B10;LEC
PZRu;4ue;2;EMPAU;ADG201.2;B11;LEC
MBMS;4ue;2;CIA1;IMP101.1;B12;LEC
GLYo;4ue;2;CONFI;ADG301.2;B20;LEC
AMMB;4ue;2;INGLE;ADG301.1;B21;LEC
PBA;4ue;2;SANAT;FME203.1;C000 b;LEC
JCSA;4ue;2;MONTA;FME203.2;C001;LEC
GMDa;4ue;2;IRDST;ELE203.1;C101;LEC
DEAl;4ue;2;TPIDA;ELE302.2;C102;LEC
RPFJ;4ue;2;IEINT;ELE202.1;C103;LEC
SGDR;4ue;2;SSMC;IMA302.2;C104;LEC
FCBJ;4ue;2;SHNE;IMA302.1;C106;LEC
MSJM;4ue;2;TEFA;IMA201.1;C110;LEC
IGJL;4ue;2;ICTVE;ELE202.2;C200;LEC
PACRe;4ue;2;TPIT;ELE304.1;C201;LEC
GRMAm;4ue;2;IMSON;ELE203.2;C202;LEC
LLPAd;4ue;2;INFIN;ELE303.1;C203;LEC
MMBE;4ue;2;SCELE;ELE302.1;C204;LEC
RFVM;4ue;2;IAWEB;IFC301.2;C207;LEC
AVMY;4ue;2;LMSGI;IFC303.1;C208;LEC
ZCJC;4ue;2;APOFM;IFC201.1;C209;LEC
ISYO;4ue;2;DWESE;IFC303.2;C210;LEC
LLLM;4ue;2;APWEB;IFC201.2;C211;LEC
GSGE;4ue;2;FHARW;IFC301.1;C212;LEC
DCAL;4ue;2;MMLA;IMA201.2;C213;LEC
ARAN;4ue;2;TRSUP;TMV301.2;CAR1;LEC
LBAD;4ue;2;AMVB;TMV101.2;CAR1B;LEC
GSA;4ue;2;EESVE;TMV201.2;CAR2;LEC
GRD;4ue;2;EAMOV;TMV201.1;CAR3;LEC
CFJA;4ue;2;EAMOV;TMV201.1;CAR3;LEC
AAIg;4ue;2;MEYS;TMV101.1A;ELV1;LEC
FPLU;4ue;2;MOTOR;TMV202.1;ELV5;LEC
RMJC;4ue;2;MOTOR;TMV202.1;ELV5;LEC
FPPA;4ue;2;;;;G
RZAM;4ue;2;;;;G
SGCA;4ue;2;;;;G
CGCR;4ue;2;;;;G
BMAIs;4ue;2;;;;G
LLAC;4ue;2;;;;G
RBCR;4ue;2;;;;FCT
LALU;4ue;2;;;;FCT
VACA;4ue;2;;;;P.P.
ABJL;4ue;2;;;;FCT
RCCM;4ue;2;;;;P.P.
FMCa;4ue;2;;;;P.P.
MAMo;4ue;2;;;;RED
MCCA;4ue;2;;;;FCT
GAAN;4ue;2;;;;P.P.
GGJJ;4ue;2;;;;FCT
GQJL;4ue;2;;;;FCT
CAMP;4ue;2;;;;CHL
NRMP;4ue;2;;;;RED
MRJR;4ue;2;;;;P.P.
HLOL;4ue;2;;;;AAPM
SPMA;4ue;2;;;;FCT
GCCR;4ue;2;;;;UCOORD
GPA;4ue;2;;;;RED
MTSA;4ue;2;;;;RED
PGCA;4ue;2;;;;P.P.
JRIS;4ue;2;;;;P.P.
BDJL;4ue;2;;;;P.P.
SGSU;4ue;2;;;;FCT
ESIS;4ue;2;;;;P.P.
GMFJa;4ue;2;;;;AAPM
LCAMa;4ue;2;;;;J E A
RMVa;4ue;3;TCUA;IMP202.2;A01;LEC
RGRa;4ue;3;EIEMP;ELE302.2;A10;LEC
MTSA;4ue;3;COEB;IMP202.1;A11;LEC
RMJC;4ue;3;SAXMO;TMV202.2;A12;LEC
TRJ;4ue;3;CIA1;TMV101.1B;A13;LEC
RZAM;4ue;3;COS2;IMP101.2;A21;LEC
NRMP;4ue;3;EIEMP;IMA201.2;A30;LEC
GMMA;4ue;3;MTSAX;TMV301.1;A31;LEC
BLLMa;4ue;3;FOLAB;TMV202.1;A35;LEC
LARO;4ue;3;TBMB;QUI201.2;A40;LEC
BSVA;4ue;3;PFQM;QUI201.1;A41;LEC
HFP;4ue;3;PRDAM;IFC302.2-D;AT.TFNO;LEC
MGOl;4ue;3;PEYRE;IMP203.1;B02;LEC
LSMM;4ue;3;COCA;IMP203.2;B03;LEC
GLYo;4ue;3;TCONT;ADG201.1;B10;LEC
LALU;4ue;3;OARHU;ADG201.2;B11;LEC
AOJM;4ue;3;COS1;IMP101.1;B12;LEC
GAAN;4ue;3;SIEM;ADG301.2;B20;LEC
AMMB;4ue;3;INGLE;ADG301.1;B21;LEC
JCSA;4ue;3;MONTA;FME203.2;C001;LEC
GMDa;4ue;3;ELTRO;ELE202.1;C101;LEC
LLMa;4ue;3;SENH;ELE303.1;C102;LEC
PACRe;4ue;3;IEBAS;ELE203.1;C103;LEC
GAPA;4ue;3;INST;IMA302.2;C104;LEC
DEAl;4ue;3;SEEFM;IMA302.1;C106;LEC
MRJR;4ue;3;SEEFM;IMA302.1;C106;LEC
SGCA;4ue;3;IGRAF;FME203.1;C107;LEC
DCAL;4ue;3;IGRAF;FME203.1;C107;LEC
MSJM;4ue;3;TEFA;IMA201.1;C110;LEC
MMBE;4ue;3;ISFOT;ELE202.2;C200;LEC
BDJL;4ue;3;SIRA;ELE304.2;C201;LEC
GRMAm;4ue;3;IMSON;ELE203.2;C202;LEC
GPA;4ue;3;ESTC;ELE304.1;C203;LEC
BMAIs;4ue;3;LEUPR;ELE302.1;C204;LEC
HLOL;4ue;3;ASOPE;IFC301.2;C207;LEC
AVMY;4ue;3;LMSGI;IFC303.1;C208;LEC
FMCa;4ue;3;RLOCA;IFC201.1;C209;LEC
LLLM;4ue;3;RLOCA;IFC201.1;C209;LEC
ISYO;4ue;3;DWESE;IFC303.2;C210;LEC
VACA;4ue;3;EIEMP;IFC201.2;C211;LEC
GSGE;4ue;3;FHARW;IFC301.1;C212;LEC
ARAN;4ue;3;TRSUP;TMV301.2;CAR1;LEC
LBAD;4ue;3;AMVB;TMV101.2;CAR1B;LEC
GSA;4ue;3;EESVE;TMV201.2;CAR2;LEC
FPPA;4ue;3;MECBA;TMV201.1;CAR3;LEC
AAIg;4ue;3;MEYS;TMV101.1A;ELV1;LEC
FCBJ;4ue;3;;;;G
ZCJC;4ue;3;;;;G
RPFJ;4ue;3;;;;G
LFTE;4ue;3;;;;G
JRIS;4ue;3;;;;G
PMAT;4ue;3;;;;G
PBA;4ue;3;;;;G
RBCR;4ue;3;;;;FCT
PZRu;4ue;3;;;;P.P.
MBMS;4ue;3;;;;P.P.
ABJL;4ue;3;;;;FCT
RCCM;4ue;3;;;;P.P.
MDAn;4ue;3;;;;P.P.
MAMo;4ue;3;;;;P.P.
MCCA;4ue;3;;;;FCT
GGJJ;4ue;3;;;;FCT
GQJL;4ue;3;;;;FCT
CAMP;4ue;3;;;;RED
FPLU;4ue;3;;;;AAPM
LLPAd;4ue;3;;;;P.P.
CAE;4ue;3;;;;P.P.
GRD;4ue;3;;;;AAPM
SBAL;4ue;3;;;;P.P.
MRMA;4ue;3;;;;P.P.
SPMA;4ue;3;;;;FCT
CGCR;4ue;3;;;;P.P.
GCCR;4ue;3;;;;UCOORD
ABJa;4ue;3;;;;RED
PGCA;4ue;3;;;;P.P.
RZSU;4ue;3;;;;P.P.
SGDR;4ue;3;;;;FCT
FMGE;4ue;3;;;;RED
IGJL;4ue;3;;;;AJD
SGSU;4ue;3;;;;FCT
RFVM;4ue;3;;;;P.P.
GMFJa;4ue;3;;;;RED
ESIS;4ue;3;;;;P.P.
BBNO;4ue;3;;;;FCT
CFJA;4ue;3;;;;AAPM
AFE;4ue;3;;;;AAPM
LLAC;4ue;3;;;;FCT
RMVa;4ue;4;TCUA;IMP202.2;A01;LEC
RGRa;4ue;4;EIEMP;ELE302.2;A10;LEC
CAMP;4ue;4;ICHS;IMP203.1;A11;LEC
MBMS;4ue;4;CIA2;TMV101.2;A12;LEC
AAIg;4ue;4;PRLA;TMV101.1A;A13;LEC
RZAM;4ue;4;COS2;IMP101.2;A21;LEC
GSA;4ue;4;SESGC;TMV301.1;A30;LEC
NRMP;4ue;4;EIEMP;IMP203.2;A31;LEC
ESIS;4ue;4;CFSDI;TMV202.1;A34;LEC
CFJA;4ue;4;CFSDI;TMV202.1;A34;LEC
ABJL;4ue;4;ESTVH;TMV301.2;A35;LEC
LARO;4ue;4;TBMB;QUI201.2;A40;LEC
MAMo;4ue;4;QUAP;QUI201.1;A41;LEC
TCJM;4ue;4;BDATO;IFC303.1-D;AT.TFNO;LEC
RZSU;4ue;4;THFCO;IMP202.1;B01;LEC
CGCR;4ue;4;PEPB;IMP101.1;B03;LEC
PZRu;4ue;4;OACVE;ADG201.1;B10;LEC
LFTE;4ue;4;OAGTS;ADG201.2;B11;LEC
GAAN;4ue;4;SIEM;ADG301.2;B20;LEC
LALU;4ue;4;OPIN;ADG301.1;B21;LEC
JCSA;4ue;4;MONTA;FME203.2;C001;LEC
RCCM;4ue;4;MQELE;ELE202.2;C100;LEC
GMDa;4ue;4;ELTRO;ELE202.1;C101;LEC
LLMa;4ue;4;SENH;ELE303.1;C102;LEC
PACRe;4ue;4;IEBAS;ELE203.1;C103;LEC
GAPA;4ue;4;INST;IMA302.2;C104;LEC
DEAl;4ue;4;SEEFM;IMA302.1;C106;LEC
MRJR;4ue;4;SEEFM;IMA302.1;C106;LEC
SGCA;4ue;4;IGRAF;FME203.1;C107;LEC
PGCA;4ue;4;MMME;IMA201.2;C109;LEC
BDJL;4ue;4;SIRA;ELE304.2;C201;LEC
GRMAm;4ue;4;IMSON;ELE203.2;C202;LEC
GPA;4ue;4;ESTC;ELE304.1;C203;LEC
LLPAd;4ue;4;CIELE;ELE302.1;C204;LEC
BMAIs;4ue;4;LEUPR;IFC301.1;C206;LEC
HLOL;4ue;4;ASOPE;IFC301.2;C207;LEC
AVMY;4ue;4;PROGR;IFC303.1;C208;LEC
FMCa;4ue;4;RLOCA;IFC201.1;C209;LEC
ISYO;4ue;4;DWESE;IFC303.2;C210;LEC
VACA;4ue;4;EIEMP;IFC201.2;C211;LEC
LCAMa;4ue;4;FOLAB;IMA201.1;C213;LEC
LLAC;4ue;4;PRSUP;TMV201.2;CAR1;LEC
FPPA;4ue;4;MECBA;TMV201.1;CAR3;LEC
GMFJa;4ue;4;MEVEB;TMV101.1B;ELV1;LEC
LBAD;4ue;4;MEVEB;TMV101.1B;ELV1;LEC
FPLU;4ue;4;STFRE;TMV202.2;ELV4;LEC
TRJ;4ue;4;;;;G
MDAn;4ue;4;;;;G
MGOl;4ue;4;;;;G
RMJC;4ue;4;;;;G
SBAL;4ue;4;;;;G
ARAN;4ue;4;;;;P.P.
RBCR;4ue;4;;;;FCT
FCBJ;4ue;4;;;;TUT
AOJM;4ue;4;;;;AAPM
GBGU;4ue;4;;;;RED
DCAL;4ue;4;;;;AAPM
MCCA;4ue;4;;;;FCT
GGJJ;4ue;4;;;;FCT
HFP;4ue;4;;;;RED
GQJL;4ue;4;;;;P.P.
RPFJ;4ue;4;;;;AAPM
CAE;4ue;4;;;;P.P.
GRD;4ue;4;;;;P.P.
MRMA;4ue;4;;;;UCOORD
GMMA;4ue;4;;;;AAPM
SPMA;4ue;4;;;;P.P.
GCCR;4ue;4;;;;P.P.
ABJa;4ue;4;;;;AAPM
BSVA;4ue;4;;;;P.P.
LSMM;4ue;4;;;;FCT
MTSA;4ue;4;;;;FCT
JRIS;4ue;4;;;;AAPM
AMMB;4ue;4;;;;P.P.
MSJM;4ue;4;;;;JD
SGDR;4ue;4;;;;FCT
BLLMa;4ue;4;;;;RED
FMGE;4ue;4;;;;AAPM
IGJL;4ue;4;;;;RED
PMAT;4ue;4;;;;P.P.
RFVM;4ue;4;;;;CPR
RRAN;4ue;4;;;;AAPM
BBNO;4ue;4;;;;FCT
MMBE;4ue;4;;;;P.P.
PBA;4ue;4;;;;TUT
AFE;4ue;4;;;;P.P.
RMVa;4ue;5;TCUA;IMP202.2;A01;LEC
BLLMa;4ue;5;EIEMP;FME203.2;A10;LEC
MTSA;4ue;5;COPE;IMP203.1;A11;LEC
MBMS;4ue;5;CIA2;TMV101.2;A12;LEC
RZAM;4ue;5;COS1;TMV101.1A;A13;LEC
TRJ;4ue;5;CIA2;IMP101.2;A21;LEC
GMMA;4ue;5;SCAAR;TMV202.1;A30;LEC
RGRa;4ue;5;FOLAB;ELE202.1;A31;LEC
ESIS;4ue;5;EFIJ;TMV201.1;A34;LEC
RRAN;4ue;5;EFIJ;TMV201.1;A34;LEC
ABJL;4ue;5;ESTVH;TMV301.2;A35;LEC
MAMo;4ue;5;QUAP;QUI201.1;A41;LEC
TCJM;4ue;5;LMSGI;IFC302.1-D;AT.TFNO;LEC
AMMB;4ue;5;LEUPR;IFC303.1-D;AT.TFNO2;LEC
RZSU;4ue;5;THFCO;IMP202.1;B01;LEC
JRIS;4ue;5;TECC;IMP203.2;B02;LEC
CGCR;4ue;5;PEPB;IMP101.1;B03;LEC
PZRu;4ue;5;OACVE;ADG201.1;B10;LEC
LFTE;4ue;5;OAGTS;ADG201.2;B11;LEC
GGJJ;4ue;5;GRRHH;ADG301.2;B20;LEC
LALU;4ue;5;OPIN;ADG301.1;B21;LEC
PBA;4ue;5;SANAT;FME203.1;C000 b;LEC
RCCM;4ue;5;MQELE;ELE202.2;C100;LEC
IGJL;4ue;5;CIDAU;ELE302.1;C102;LEC
PACRe;4ue;5;IEBAS;ELE203.1;C103;LEC
GAPA;4ue;5;INST;IMA302.2;C104;LEC
LLPAd;4ue;5;EYAE;IMA201.1;C106;LEC
PGCA;4ue;5;MMME;IMA201.2;C109;LEC
MSJM;4ue;5;PMEL;QUI201.2;C110;LEC
FMGE;4ue;5;IRCOM;ELE203.2;C201;LEC
MCCA;4ue;5;LEUPR;ELE304.1;C202;LEC
BDJL;4ue;5;RETE;ELE304.2;C203;LEC
FRRa;4ue;5;GMMIE;ELE302.2;C204;LEC
DEAl;4ue;5;SPOT;ELE303.1;C205;LEC
FMCa;4ue;5;PARDS;IFC301.1;C206;LEC
SPMA;4ue;5;SADIS;IFC301.2;C207;LEC
AVMY;4ue;5;PROGR;IFC303.1;C208;LEC
ABJa;4ue;5;SOPMO;IFC201.1;C209;LEC
ZCJC;4ue;5;DWECL;IFC303.2;C210;LEC
MDAn;4ue;5;SORED;IFC201.2;C211;LEC
FCBJ;4ue;5;RGDM;IMA302.1;C213;LEC
LLAC;4ue;5;PRSUP;TMV201.2;CAR1;LEC
SBAL;4ue;5;EAFNS;TMV301.1;CAR3;LEC
GRD;4ue;5;EAFNS;TMV301.1;CAR3;LEC
GMFJa;4ue;5;MEVEB;TMV101.1B;ELV1;LEC
LBAD;4ue;5;MEVEB;TMV101.1B;ELV1;LEC
FPLU;4ue;5;STFRE;TMV202.2;ELV4;LEC
AOJM;4ue;5;;;;G
SGCA;4ue;5;;;;G
NRMP;4ue;5;;;;G
GSA;4ue;5;;;;G
RFVM;4ue;5;;;;G
ARAN;4ue;5;;;;P.P.
VACA;4ue;5;;;;UCOORD
FPPA;4ue;5;;;;P.P.
MGOl;4ue;5;;;;P.P.
RMJC;4ue;5;;;;P.P.
DCAL;4ue;5;;;;P.P.
GAAN;4ue;5;;;;P.P.
GQJL;4ue;5;;;;P.P.
CAMP;4ue;5;;;;AAPM
HLOL;4ue;5;;;;TUT
MRMA;4ue;5;;;;UCOORD
GCCR;4ue;5;;;;P.P.
BSVA;4ue;5;;;;AAPM
LSMM;4ue;5;;;;FCT
JCSA;4ue;5;;;;RED
LLMa;4ue;5;;;;TUT
GMDa;4ue;5;;;;P.P.
GRMAm;4ue;5;;;;CHL
SGDR;4ue;5;;;;FCT
LARO;4ue;5;;;;P.P.
AAIg;4ue;5;;;;CHL
GIMM;4ue;5;;;;RED
ISYO;4ue;5;;;;AAPM
MMBE;4ue;5;;;;CHL
LCAMa;4ue;5;;;;ApJE
RMVa;4ue;6;TCUA;IMP202.2;A01;LEC
NRMP;4ue;6;FOLAB;IMP203.1;A10;LEC
AOJM;4ue;6;COS2;TMV101.2;A12;LEC
RZAM;4ue;6;COS1;TMV101.1A;A13;LEC
TRJ;4ue;6;CIA2;IMP101.2;A21;LEC
GMMA;4ue;6;SCAAR;TMV202.1;A30;LEC
RGRa;4ue;6;FOLAB;ELE202.1;A31;LEC
BLLMa;4ue;6;FOLAB;TMV201.1;A34;LEC
MRMA;4ue;6;EIEMP;TMV301.2;A35;LEC
BSVA;4ue;6;SOLB;QUI201.1;A41;LEC
TCJM;4ue;6;BDATO;IFC302.1-D;AT.TFNO;LEC
RZSU;4ue;6;THFCO;IMP202.1;B01;LEC
JRIS;4ue;6;TECC;IMP203.2;B02;LEC
CGCR;4ue;6;PEPB;IMP101.1;B03;LEC
AMMB;4ue;6;INGLE;ADG201.1;B10;LEC
GAAN;4ue;6;TDCTB;ADG201.2;B11;LEC
GGJJ;4ue;6;GRRHH;ADG301.2;B20;LEC
LFTE;4ue;6;GDJE;ADG301.1;B21;LEC
PBA;4ue;6;SANAT;FME203.1;C000 b;LEC
RCCM;4ue;6;MQELE;ELE202.2;C100;LEC
PACRe;4ue;6;STFM;ELE304.1;C101;LEC
IGJL;4ue;6;CIDAU;ELE302.1;C102;LEC
GCCR;4ue;6;FOLAB;ELE203.1;C103;LEC
LCAMa;4ue;6;EIEMP;IMA302.2;C104;LEC
LLPAd;4ue;6;EYAE;IMA201.1;C106;LEC
SGCA;4ue;6;MEENS;FME203.2;C107;LEC
PGCA;4ue;6;MMME;IMA201.2;C109;LEC
MSJM;4ue;6;PMEL;QUI201.2;C110;LEC
FMGE;4ue;6;IRCOM;ELE203.2;C201;LEC
BDJL;4ue;6;RETE;ELE304.2;C203;LEC
FRRa;4ue;6;GMMIE;ELE302.2;C204;LEC
DEAl;4ue;6;SPOT;ELE303.1;C205;LEC
FMCa;4ue;6;PARDS;IFC301.1;C206;LEC
SPMA;4ue;6;SADIS;IFC301.2;C207;LEC
AVMY;4ue;6;PROGR;IFC303.1;C208;LEC
ABJa;4ue;6;SOPMO;IFC201.1;C209;LEC
ZCJC;4ue;6;DWECL;IFC303.2;C210;LEC
MDAn;4ue;6;SORED;IFC201.2;C211;LEC
FCBJ;4ue;6;RGDM;IMA302.1;C213;LEC
LLAC;4ue;6;PRSUP;TMV201.2;CAR1;LEC
SBAL;4ue;6;EAFNS;TMV301.1;CAR3;LEC
GRD;4ue;6;EAFNS;TMV301.1;CAR3;LEC
GMFJa;4ue;6;MEVEB;TMV101.1B;ELV1;LEC
ESIS;4ue;6;MEVEB;TMV101.1B;ELV1;LEC
FPLU;4ue;6;STFRE;TMV202.2;ELV4;LEC
PZRu;4ue;6;;;;G
MBMS;4ue;6;;;;G
RMJC;4ue;6;;;;G
LLMa;4ue;6;;;;G
ISYO;4ue;6;;;;G
GAPA;4ue;6;;;;AAPM
LALU;4ue;6;;;;P.P.
VACA;4ue;6;;;;RED
FPPA;4ue;6;;;;P.P.
MGOl;4ue;6;;;;P.P.
MAMo;4ue;6;;;;P.P.
DCAL;4ue;6;;;;P.P.
LBAD;4ue;6;;;;AAPM
LSMM;4ue;6;;;;FCT
GMDa;4ue;6;;;;RED
GSJL;4ue;6;;;;P.P.
MTSA;4ue;6;;;;P.P.
SGDR;4ue;6;;;;P.P.
RRAN;4ue;6;;;;P.P.
LARO;4ue;6;;;;P.P.
AAIg;4ue;6;;;;CHL
GIMM;4ue;6;;;;RED
GMAN;4ue;6;;;;RED
AFE;4ue;7;;;;RDP
GLYo;4ue;7;;;;RDP
GAAN;4ue;7;;;;RDP
GGJJ;4ue;7;;;;RDP
LALU;4ue;7;;;;RDP
LFTE;4ue;7;;;;RDP
MGI;4ue;7;;;;RDP
BSVA;4ue;7;;;;RDP
MAMo;4ue;7;;;;RDP
THAC;4ue;7;;;;RDP
LARO;4ue;7;;;;RDP
FOMB;4ue;7;;;;RDP
RBCR;4ue;7;;;;RDP
BLLMa;4ue;7;;;;RDP
GCCR;4ue;7;;;;RDP
GRMA;4ue;7;;;;RDP
LCAMa;4ue;7;;;;RDP
MMGE;4ue;7;;;;RDP
MRMA;4ue;7;;;;RDP
NRMP;4ue;7;;;;RDP
PGEl;4ue;7;;;;RDP
RGRa;4ue;7;;;;RDP
VACA;4ue;7;;;;RDP
VBMG;4ue;7;;;;RDP
GLLN;4ue;7;;;;RDP
ARMT;4ue;7;;;;RDP
ARAN;4ue;7;;;;RDP
BPJD;4ue;7;;;;RDP
GAPA;4ue;7;;;;RDP
CMIS;4ue;7;;;;RDP
PAMCo;4ue;7;;;;RDP
FCBJ;4ue;7;;;;RDP
PZRu;4ue;7;;;;RDP
TRJ;4ue;7;;;;RDP
MBMS;4ue;7;;;;RDP
ZCJC;4ue;7;;;;RDP
ABJL;4ue;7;;;;RDP
RCCM;4ue;7;;;;RDP
MDAn;4ue;7;;;;RDP
FPPA;4ue;7;;;;RDP
MGOl;4ue;7;;;;RDP
RMJC;4ue;7;;;;RDP
FMCa;4ue;7;;;;RDP
GBGU;4ue;7;;;;RDP
DCAL;4ue;7;;;;RDP
MCCA;4ue;7;;;;RDP
FRRa;4ue;7;;;;RDP
TCJM;4ue;7;;;;RDP
HRMA;4ue;7;;;;RDP
DFME;4ue;7;;;;RDP
DEAl;4ue;7;;;;RDP
HFP;4ue;7;;;;RDP
GQJL;4ue;7;;;;RDP
AVMY;4ue;7;;;;RDP
SGCA;4ue;7;;;;RDP
CAMP;4ue;7;;;;RDP
MRJR;4ue;7;;;;RDP
HLOL;4ue;7;;;;RDP
RPFJ;4ue;7;;;;RDP
FPLU;4ue;7;;;;RDP
LLPAd;4ue;7;;;;RDP
CAE;4ue;7;;;;RDP
GRD;4ue;7;;;;RDP
SBAL;4ue;7;;;;RDP
GMMA;4ue;7;;;;RDP
SPMA;4ue;7;;;;RDP
CGCR;4ue;7;;;;RDP
ABJa;4ue;7;;;;RDP
LBAD;4ue;7;;;;RDP
LSMM;4ue;7;;;;RDP
JCSA;4ue;7;;;;RDP
LLMa;4ue;7;;;;RDP
GPA;4ue;7;;;;RDP
GMDa;4ue;7;;;;RDP
GSJL;4ue;7;;;;RDP
GRMAm;4ue;7;;;;RDP
MTSA;4ue;7;;;;RDP
AAA;4ue;7;;;;RDP
CAJC;4ue;7;;;;RDP
RMDI;4ue;7;;;;RDP
PGM;4ue;7;;;;RDP
MCRP;4ue;7;;;;RDP
AMLM;4ue;7;;;;RDP
ALAN;4ue;7;;;;RDP
GMJO;4ue;7;;;;RDP
PGCA;4ue;7;;;;RDP
JRIS;4ue;7;;;;RDP
BDJL;4ue;7;;;;RDP
PACRe;4ue;7;;;;RDP
RZSU;4ue;7;;;;RDP
MSJM;4ue;7;;;;RDP
SGDR;4ue;7;;;;RDP
GSA;4ue;7;;;;RDP
FMGE;4ue;7;;;;RDP
IGJL;4ue;7;;;;RDP
SGSU;4ue;7;;;;RDP
GGSE;4ue;7;;;;RDP
CAL;4ue;7;;;;RDP
MMD;4ue;7;;;;RDP
FAMJ;4ue;7;;;;RDP
DGFA;4ue;7;;;;RDP
DPAV;4ue;7;;;;RDP
GSGE;4ue;7;;;;RDP
PMAT;4ue;7;;;;RDP
RFVM;4ue;7;;;;RDP
CSD;4ue;7;;;;RDP
RRAN;4ue;7;;;;RDP
ESIS;4ue;7;;;;RDP
BBNO;4ue;7;;;;RDP
MMBE;4ue;7;;;;RDP
PBA;4ue;7;;;;RDP
CFJA;4ue;7;;;;RDP
AAIg;4ue;7;;;;RDP
GMFJa;4ue;7;;;;RDP
PBM;4ue;7;;;;RDP
LLAC;4ue;7;;;;RDP
LLLM;4ue;7;;;;RDP
MAJM;4ue;7;;;;RDP
RMVa;4ue;7;;;;RDP
ISYO;4ue;7;;;;RDP
ISSM;4ue;7;;;;RDP
GMAN;4ue;7;;;;RDP
GRMA;4ue;8;EIEMP;QUI301.2V;a10 v;LEC
MMGE;4ue;8;FOLAB;FME301.1V;a30v;LEC
FOMB;4ue;8;EMCBI;QUI301.1V;a40v;LEC
FOMB;4ue;8;EMCBI;QUI301.1V;A50;LEC
MCRP;4ue;8;SENH;ELE303.1V;c102 v;LEC
DGFA;4ue;8;INST;IMA302.2V;c104 v;LEC
FAMJ;4ue;8;GCPRA;FME301.2V;c107 v;LEC
PGM;4ue;8;SMEC;IMA302.1V;c109v;LEC
CAL;4ue;8;FBAVI;FME202.1V;c110 v;LEC
GMAN;4ue;8;FBAVI;FME202.1V;c110 v;LEC
FRRa;4ue;8;GMMIE;ELE302.2 V;c203 v;LEC
MMD;4ue;8;COIND;ELE303.2V;c204 v;LEC
RMDI;4ue;8;SADIS;IFC301.2V;c205v;LEC
ARMT;4ue;8;GBDAT;IFC301.1V;c206 v;LEC
DFME;4ue;8;SIINF;IFC302.1V;c208 v;LEC
GLLN;4ue;8;EIEMP;IFC302.2V;c210v;LEC
AMLM;4ue;8;BASRS;IFC401;c211v;LEC
GGSE;4ue;8;MCNUM;FME202.2V;c213 v;LEC
ABJa;4ue;8;SIINF;IFC303.1-D;;LEC
BPJD;4ue;8;SIGE;IFC302.2-D;;LEC
THAC;4ue;8;;;;G
CMIS;4ue;8;;;;FCT
PAMCo;4ue;8;;;;P.P.
TCJM;4ue;8;;;;RED
AAA;4ue;8;;;;P.P.
CAJC;4ue;8;;;;RED
DPAV;4ue;8;;;;FCT
GIMM;4ue;8;;;;TOR
ISSM;4ue;8;;;;J E A
MMGE;4ue;9;FOLAB;FME301.1V;a30v;LEC
GRMA;4ue;9;FOLAB;FME301.1V;a30v;LEC
FOMB;4ue;9;EMCBI;QUI301.1V;a40v;LEC
THAC;4ue;9;AINST;QUI301.2V;a41v;LEC
FOMB;4ue;9;EMCBI;QUI301.1V;A50;LEC
MCRP;4ue;9;SENH;ELE303.1V;c102 v;LEC
DGFA;4ue;9;INST;IMA302.2V;c104 v;LEC
FAMJ;4ue;9;GCPRA;FME301.2V;c107 v;LEC
PGM;4ue;9;SMEC;IMA302.1V;c109v;LEC
CAL;4ue;9;FBAVI;FME202.1V;c110 v;LEC
GMAN;4ue;9;FBAVI;FME202.1V;c110 v;LEC
AAA;4ue;9;DRECT;ELE302.2 V;c203 v;LEC
MMD;4ue;9;COIND;ELE303.2V;c204 v;LEC
RMDI;4ue;9;SADIS;IFC301.2V;c205v;LEC
ARMT;4ue;9;GBDAT;IFC301.1V;c206 v;LEC
DFME;4ue;9;SIINF;IFC302.1V;c208 v;LEC
GLLN;4ue;9;EIEMP;IFC302.2V;c210v;LEC
AMLM;4ue;9;BASRS;IFC401;c211v;LEC
GGSE;4ue;9;MCNUM;FME202.2V;c213 v;LEC
ABJa;4ue;9;SIINF;IFC303.1-D;;LEC
BPJD;4ue;9;SIGE;IFC302.2-D;;LEC
FRRa;4ue;9;;;;G
CMIS;4ue;9;;;;FCT
PAMCo;4ue;9;;;;P.P.
MGI;4ue;9;;;;P.P.
CAJC;4ue;9;;;;P.P.
ALAN;4ue;9;;;;CHL
GMJO;4ue;9;;;;RED
DPAV;4ue;9;;;;FCT
GIMM;4ue;9;;;;TOR
ISSM;4ue;9;;;;J E A
MMGE;4ue;10;FOLAB;IMA302.1V;a11v;LEC
GMJO;4ue;10;PPROD;FME301.1V;a30v;LEC
THAC;4ue;10;AINST;QUI301.2V;a40v;LEC
MGI;4ue;10;MPMUE;QUI301.1V;a41v;LEC
GLLN;4ue;10;FOLAB;IFC303.1-D;AT.TFNO;LEC
DPAV;4ue;10;ROIN;ELE303.2V;c102 v;LEC
DGFA;4ue;10;INST;IMA302.2V;c104 v;LEC
FAMJ;4ue;10;GCPRA;FME301.2V;c107 v;LEC
CAL;4ue;10;FBAVI;FME202.1V;c110 v;LEC
GMAN;4ue;10;FBAVI;FME202.1V;c110 v;LEC
AAA;4ue;10;DRECT;ELE302.2 V;c203 v;LEC
MMD;4ue;10;SMRG;ELE303.1V;c205v;LEC
FRRa;4ue;10;SMRG;ELE303.1V;c205v;LEC
LLLM;4ue;10;PARDS;IFC301.1V;c206 v;LEC
CAJC;4ue;10;SRINT;IFC301.2V;c207 v;LEC
PAMCo;4ue;10;ENDES;IFC302.1V;c208 v;LEC
GRMA;4ue;10;EIEMP;IFC303.2-D;C209;LEC
BPJD;4ue;10;SIGE;IFC302.2V;c210v;LEC
AMLM;4ue;10;BASRS;IFC401;c211v;LEC
GGSE;4ue;10;MCNUM;FME202.2V;c213 v;LEC
GSJL;4ue;10;SIINF;IFC302.1-D;;LEC
ARMT;4ue;10;;;;G
RMDI;4ue;10;;;;G
CMIS;4ue;10;;;;FCT
HRMA;4ue;10;;;;P.P.
DFME;4ue;10;;;;AAPM
FOMB;4ue;10;;;;AAPM
PGM;4ue;10;;;;AAPM
MCRP;4ue;10;;;;P.P.
ALAN;4ue;10;;;;CHL
SGSU;4ue;10;;;;RED
PGEl;4ue;10;;;;RED
BBNO;4ue;10;;;;PDIG
MAJM;4ue;10;;;;RED
ISSM;4ue;10;;;;J E A
MMGE;4ue;11;EIEMP;FME202.2V;a11v;LEC
THAC;4ue;11;AINST;QUI301.2V;a40v;LEC
MGI;4ue;11;MPMUE;QUI301.1V;a41v;LEC
ALAN;4ue;11;PUMCM;FME301.2V;c000 b v;LEC
MCRP;4ue;11;MDSC;ELE402;c101 v;LEC
DPAV;4ue;11;ROIN;ELE303.2V;c102 v;LEC
SGSU;4ue;11;RGFME;FME301.1V;c104 v;LEC
GGSE;4ue;11;SHNE;IMA302.1V;c105 v;LEC
CAL;4ue;11;FBAVI;FME202.1V;c110 v;LEC
GMAN;4ue;11;FBAVI;FME202.1V;c110 v;LEC
MAJM;4ue;11;PIICT;ELE302.2 V;c200 v;LEC
MMD;4ue;11;SMRG;ELE303.1V;c205v;LEC
LLLM;4ue;11;PARDS;IFC301.1V;c206 v;LEC
CAJC;4ue;11;SRINT;IFC301.2V;c207 v;LEC
PAMCo;4ue;11;ENDES;IFC302.1V;c208 v;LEC
GRMA;4ue;11;EIEMP;IFC303.2-D;C209;LEC
BPJD;4ue;11;SIGE;IFC302.2V;c210v;LEC
GBGU;4ue;11;HACET;IFC401;c211v;LEC
HRMA;4ue;11;CSME;IMA302.2V;c213 v;LEC
GSJL;4ue;11;SIINF;IFC302.1-D;;LEC
RMDI;4ue;11;;;;G
PGM;4ue;11;;;;G
GMJO;4ue;11;;;;G
ARMT;4ue;11;;;;P.P.
CMIS;4ue;11;;;;P.P.
DFME;4ue;11;;;;P.P.
AAA;4ue;11;;;;FCT
FOMB;4ue;11;;;;RED
AMLM;4ue;11;;;;AAPM
PGEl;4ue;11;;;;RED
FAMJ;4ue;11;;;;AAPM
DGFA;4ue;11;;;;P.P.
BBNO;4ue;11;;;;PDIG
ISSM;4ue;11;;;;ApJE
GLLN;4ue;11;;;;P.P.
GRMA;4ue;12;FOLAB;ELE303.1V;a10 v;LEC
PGEl;4ue;12;FOLAB;FME202.1V;a12v;LEC
FOMB;4ue;12;CASLB;QUI301.2V;a30v;LEC
MGI;4ue;12;EFQUI;QUI301.1V;a41v;LEC
ALAN;4ue;12;PUMCM;FME301.2V;c000 b v;LEC
MCRP;4ue;12;MDSC;ELE402;c101 v;LEC
GGSE;4ue;12;SHNE;IMA302.1V;c105 v;LEC
GMJO;4ue;12;DPCME;FME301.1V;c107 v;LEC
PGM;4ue;12;FABRA;FME202.2V;c110 v;LEC
MAJM;4ue;12;PIICT;ELE302.2 V;c200 v;LEC
MMD;4ue;12;SIPA;ELE303.2V;c204 v;LEC
GSJL;4ue;12;IMSOP;IFC301.1V;c206 v;LEC
BBNO;4ue;12;ASGBD;IFC301.2V;c207 v;LEC
CAJC;4ue;12;BDATO;IFC302.1V;c208 v;LEC
BPJD;4ue;12;SIGE;IFC302.2V;c210v;LEC
GBGU;4ue;12;HACET;IFC401;c211v;LEC
HRMA;4ue;12;CSME;IMA302.2V;c213 v;LEC
GLLN;4ue;12;FOLAB;IFC303.1-D;;LEC
RMDI;4ue;12;AAD;IFC302.2-D;;LEC
FAMJ;4ue;12;;;;G
DGFA;4ue;12;;;;G
DFME;4ue;12;;;;P.P.
THAC;4ue;12;;;;RED
AAA;4ue;12;;;;FCT
SGSU;4ue;12;;;;P.P.
MMGE;4ue;12;;;;P.P.
DPAV;4ue;12;;;;AAPM
ISSM;4ue;12;;;;ApJE
GRMA;4ue;13;FOLAB;ELE303.1V;a10 v;LEC
MMGE;4ue;13;FOLAB;IMA302.1V;a11v;LEC
PGEl;4ue;13;FOLAB;FME202.1V;a12v;LEC
FOMB;4ue;13;CASLB;QUI301.2V;a30v;LEC
MGI;4ue;13;EFQUI;QUI301.1V;a41v;LEC
ALAN;4ue;13;PUMCM;FME301.2V;c000 b v;LEC
MCRP;4ue;13;MDSC;ELE402;c101 v;LEC
GMJO;4ue;13;DPCME;FME301.1V;c107 v;LEC
PGM;4ue;13;FABRA;FME202.2V;c110 v;LEC
AAA;4ue;13;PSEAT;ELE302.2 V;c203 v;LEC
MMD;4ue;13;SIPA;ELE303.2V;c204 v;LEC
GSJL;4ue;13;IMSOP;IFC301.1V;c206 v;LEC
BBNO;4ue;13;ASGBD;IFC301.2V;c207 v;LEC
CAJC;4ue;13;BDATO;IFC302.1V;c208 v;LEC
DFME;4ue;13;PRDAM;IFC302.2V;c210v;LEC
HRMA;4ue;13;PMEI;IMA302.2V;c213 v;LEC
GLLN;4ue;13;FOLAB;IFC303.1-D;;LEC
RMDI;4ue;13;AAD;IFC302.2-D;;LEC
DGFA;4ue;13;;;;G
GGSE;4ue;13;;;;AAPM
MAJM;4ue;13;;;;CHL
ISSM;4ue;13;;;;ApJE
CAE;5ie;1;MAQUI;IMP202.1;A02;LEC
RGRa;5ie;1;FOLAB;ELE304.1;A10;LEC
CAMP;5ie;1;MVIP;IMP202.2;A11;LEC
MBMS;5ie;1;CIA2;TMV101.2;A12;LEC
AOJM;5ie;1;COS1;TMV101.1B;A13;LEC
NRMP;5ie;1;EIEMP;IMP203.2;A21;LEC
GMMA;5ie;1;GLMVH;TMV301.2;A30;LEC
BLLMa;5ie;1;EIEMP;ELE202.2;A31;LEC
GRD;5ie;1;EAMOV;TMV201.1;A34;LEC
CFJA;5ie;1;EAMOV;TMV201.1;A34;LEC
GSA;5ie;1;SESGC;TMV301.1;A35;LEC
VACA;5ie;1;EIEMP;QUI201.2;A40;LEC
BSVA;5ie;1;SOLB;QUI201.1;A41;LEC
JRIS;5ie;1;CFPC;IMP203.1;B02;LEC
CGCR;5ie;1;CCCB;IMP101.1;B03;LEC
PZRu;5ie;1;EMPAD;ADG201.1;B10;LEC
LALU;5ie;1;OARHU;ADG201.2;B11;LEC
MGOl;5ie;1;ATCL;IMP101.2;B12;LEC
GLYo;5ie;1;CONFI;ADG301.2;B20;LEC
AMMB;5ie;1;INGLE;ADG301.1;B21;LEC
CMIS;5ie;1;SAPRO;FME203.2;C000 b;LEC
PBM;5ie;1;TCCON;FME203.1;c000 b v;LEC
IGJL;5ie;1;AUTIN;ELE202.1;C100;LEC
RPFJ;5ie;1;AUTIN;ELE202.1;C100;LEC
GPA;5ie;1;ETRAP;ELE203.1;C101;LEC
GQJL;5ie;1;IDOMO;ELE203.2;C102;LEC
MRJR;5ie;1;TPIEL;ELE302.1;C103;LEC
SGDR;5ie;1;SSMC;IMA302.2;C104;LEC
DCAL;5ie;1;MMLA;IMA201.2;C106;LEC
VBMG;5ie;1;FOLAB;IMA302.1;C107;LEC
FCBJ;5ie;1;TEUM;IMA201.1;C110;LEC
RCCM;5ie;1;PIICT;ELE302.2;C200;LEC
BDJL;5ie;1;SIRA;ELE304.2;C201;LEC
LLPAd;5ie;1;INFIN;ELE303.1;C203;LEC
GSJL;5ie;1;IMSOP;IFC301.1;C206;LEC
BBNO;5ie;1;ASGBD;IFC301.2;C207;LEC
BMAIs;5ie;1;LEUPR;IFC303.1;C208;LEC
HLOL;5ie;1;DIWEB;IFC303.2;C210;LEC
GBGU;5ie;1;SERED;IFC201.2;C211;LEC
GSGE;5ie;1;MMEQP;IFC201.1;C212;LEC
FPPA;5ie;1;EMBSU;TMV201.2;CAR1;LEC
SBAL;5ie;1;MECBA;TMV202.1;CAR3;LEC
AAIg;5ie;1;MEVEB;TMV101.1A;ELV1;LEC
FPLU;5ie;1;STFRE;TMV202.2;ELV4;LEC
ARAN;5ie;1;;;;G
GAPA;5ie;1;;;;G
ZCJC;5ie;1;;;;G
LSMM;5ie;1;;;;G
MTSA;5ie;1;;;;G
LBAD;5ie;1;;;;G
RBCR;5ie;1;;;;P.P.
GGJJ;5ie;1;;;;FCT
PMAT;5ie;1;;;;CHL
RFVM;5ie;1;;;;RED
MMBE;5ie;1;;;;RED
GMFJa;5ie;1;;;;CHL
GIMM;5ie;1;;;;TOR
ISYO;5ie;1;;;;FCT
CAE;5ie;2;MAQUI;IMP202.1;A02;LEC
BMAIs;5ie;2;LEUPR;ELE303.1;A11;LEC
MBMS;5ie;2;CIA2;TMV101.2;A12;LEC
AOJM;5ie;2;COS1;TMV101.1B;A13;LEC
MTSA;5ie;2;PCNA;IMP202.2;A30;LEC
GMMA;5ie;2;MTSAX;TMV301.1;A31;LEC
GRD;5ie;2;EAMOV;TMV201.1;A34;LEC
CFJA;5ie;2;EAMOV;TMV201.1;A34;LEC
VACA;5ie;2;EIEMP;QUI201.2;A40;LEC
BSVA;5ie;2;SOLB;QUI201.1;A41;LEC
ZCJC;5ie;2;DWECL;IFC303.2-D;AT.TFNO;LEC
PMAT;5ie;2;DMDVS;IMP101.2;B01;LEC
JRIS;5ie;2;CFPC;IMP203.1;B02;LEC
LSMM;5ie;2;CFPC;IMP203.1;B02;LEC
CGCR;5ie;2;CCCB;IMP101.1;B03;LEC
AMMB;5ie;2;INGLE;ADG201.1;B10;LEC
LALU;5ie;2;OARHU;ADG201.2;B11;LEC
CAMP;5ie;2;ANCA;IMP203.2;B12;LEC
GLYo;5ie;2;CONFI;ADG301.2;B20;LEC
LFTE;5ie;2;GDJE;ADG301.1;B21;LEC
CMIS;5ie;2;SAPRO;FME203.2;C000 b;LEC
PBM;5ie;2;TCCON;FME203.1;c000 b v;LEC
IGJL;5ie;2;AUTIN;ELE202.1;C100;LEC
RPFJ;5ie;2;AUTIN;ELE202.1;C100;LEC
GPA;5ie;2;ETRAP;ELE203.1;C101;LEC
GQJL;5ie;2;IDOMO;ELE203.2;C102;LEC
MRJR;5ie;2;TPIEL;ELE302.1;C103;LEC
SGDR;5ie;2;SSMC;IMA302.2;C104;LEC
GAPA;5ie;2;SSMC;IMA302.2;C104;LEC
DCAL;5ie;2;MMLA;IMA201.2;C106;LEC
VBMG;5ie;2;FOLAB;IMA302.1;C107;LEC
FCBJ;5ie;2;TEUM;IMA201.1;C110;LEC
RCCM;5ie;2;PIICT;ELE302.2;C200;LEC
BDJL;5ie;2;SIRA;ELE304.2;C201;LEC
MCCA;5ie;2;LEUPR;ELE304.1;C202;LEC
MMBE;5ie;2;IDIST;ELE202.2;C205;LEC
GSJL;5ie;2;IMSOP;IFC301.1;C206;LEC
BBNO;5ie;2;ASGBD;IFC301.2;C207;LEC
FMCa;5ie;2;ENDES;IFC303.1;C208;LEC
AVMY;5ie;2;LMSGI;IFC303.1-D;C209;LEC
HLOL;5ie;2;DIWEB;IFC303.2;C210;LEC
GBGU;5ie;2;SERED;IFC201.2;C211;LEC
GSGE;5ie;2;MMEQP;IFC201.1;C212;LEC
FPPA;5ie;2;EMBSU;TMV201.2;CAR1;LEC
ABJL;5ie;2;ESTVH;TMV301.2;CAR2;LEC
SBAL;5ie;2;MECBA;TMV202.1;CAR3;LEC
AAIg;5ie;2;MEVEB;TMV101.1A;ELV1;LEC
FPLU;5ie;2;STFRE;TMV202.2;ELV4;LEC
MGOl;5ie;2;;;;G
SGCA;5ie;2;;;;G
LLPAd;5ie;2;;;;G
GSA;5ie;2;;;;G
RFVM;5ie;2;;;;G
LBAD;5ie;2;;;;G
ARAN;5ie;2;;;;AAPM
RBCR;5ie;2;;;;FCT
PZRu;5ie;2;;;;AAPM
TRJ;5ie;2;;;;RED
RMJC;5ie;2;;;;AAPM
GAAN;5ie;2;;;;P.P.
GGJJ;5ie;2;;;;FCT
NRMP;5ie;2;;;;AAPM
MRMA;5ie;2;;;;RED
SPMA;5ie;2;;;;FCT
GCCR;5ie;2;;;;RED
PGCA;5ie;2;;;;P.P.
PACRe;5ie;2;;;;CHL
BLLMa;5ie;2;;;;AAPM
RRAN;5ie;2;;;;CHL
LARO;5ie;2;;;;RED
PBA;5ie;2;;;;P.P.
AFE;5ie;2;;;;RED
GMFJa;5ie;2;;;;CHL
GIMM;5ie;2;;;;TOR
LLAC;5ie;2;;;;FCT
LLLM;5ie;2;;;;AAPM
ISYO;5ie;2;;;;FCT
ISSM;5ie;2;;;;ApJE
RGRa;5ie;2;;;;RED
CAE;5ie;3;MAQUI;IMP202.1;A02;LEC
BLLMa;5ie;3;FOLAB;TMV301.1;A10;LEC
BMAIs;5ie;3;LEUPR;ELE303.1;A11;LEC
AOJM;5ie;3;COS2;TMV101.2;A12;LEC
TRJ;5ie;3;CIA1;TMV101.1B;A13;LEC
GCCR;5ie;3;EIEMP;IMP202.2;A21;LEC
CAMP;5ie;3;MVIP;IMP203.2;A30;LEC
LCAMa;5ie;3;FOLAB;IMA201.1;A31;LEC
RMJC;5ie;3;MOTOR;TMV202.1;A34;LEC
FPLU;5ie;3;MOTOR;TMV202.1;A34;LEC
MRMA;5ie;3;EIEMP;TMV202.2;A35;LEC
BSVA;5ie;3;SOLB;QUI201.1;A41;LEC
MAMo;5ie;3;OAQM;QUI201.2;A51;LEC
AMMB;5ie;3;LEUPR;IFC302.1-D;AT.TFNO2;LEC
PMAT;5ie;3;DMDVS;IMP101.2;B01;LEC
JRIS;5ie;3;CFPC;IMP203.1;B02;LEC
VACA;5ie;3;FOLAB;ADG201.1;B10;LEC
LFTE;5ie;3;OAGTS;ADG201.2;B11;LEC
LSMM;5ie;3;PRLP;IMP101.1;B12;LEC
GAAN;5ie;3;PAY;ADG301.2;B20;LEC
LALU;5ie;3;OPIN;ADG301.1;B21;LEC
CMIS;5ie;3;SAPRO;FME203.2;C000 b;LEC
PBA;5ie;3;SANAT;FME203.1;c000 b v;LEC
IGJL;5ie;3;AUTIN;ELE202.1;C100;LEC
RPFJ;5ie;3;AUTIN;ELE202.1;C100;LEC
GQJL;5ie;3;IDOMO;ELE203.2;C102;LEC
PACRe;5ie;3;IEBAS;ELE203.1;C103;LEC
DEAl;5ie;3;SEEFM;IMA302.1;C104;LEC
DCAL;5ie;3;MMLA;IMA201.2;C106;LEC
RGRa;5ie;3;EIEMP;ELE302.2;C200;LEC
FMGE;5ie;3;SIHD;ELE304.2;C202;LEC
GPA;5ie;3;CIST;ELE304.1;C203;LEC
BDJL;5ie;3;CIST;ELE304.1;C203;LEC
LLPAd;5ie;3;CIELE;ELE302.1;C204;LEC
MMBE;5ie;3;IDIST;ELE202.2;C205;LEC
GSJL;5ie;3;IMSOP;IFC301.1;C206;LEC
GBGU;5ie;3;SRINT;IFC301.2;C207;LEC
AVMY;5ie;3;PROGR;IFC303.1;C208;LEC
RFVM;5ie;3;PROGR;IFC303.1;C208;LEC
CAJC;5ie;3;DAWEB;IFC303.2;C210;LEC
LLLM;5ie;3;APWEB;IFC201.2;C211;LEC
GSGE;5ie;3;MMEQP;IFC201.1;C212;LEC
SGCA;5ie;3;PMEI;IMA302.2;C213;LEC
GAPA;5ie;3;PMEI;IMA302.2;C213;LEC
FPPA;5ie;3;EMBSU;TMV201.2;CAR1;LEC
ABJL;5ie;3;ESTVH;TMV301.2;CAR2;LEC
RRAN;5ie;3;EMSIN;TMV201.1;CAR3;LEC
SBAL;5ie;3;EMSIN;TMV201.1;CAR3;LEC
AAIg;5ie;3;MEVEB;TMV101.1A;ELV1;LEC
FCBJ;5ie;3;;;;G
NRMP;5ie;3;;;;G
MRJR;5ie;3;;;;G
GRD;5ie;3;;;;G
ESIS;5ie;3;;;;G
AFE;5ie;3;;;;G
ARAN;5ie;3;;;;P.P.
RBCR;5ie;3;;;;FCT
PZRu;5ie;3;;;;P.P.
MBMS;5ie;3;;;;RED
RCCM;5ie;3;;;;FCT
MDAn;5ie;3;;;;P.P.
MGOl;5ie;3;;;;AAPM
FMCa;5ie;3;;;;TUT
MCCA;5ie;3;;;;CHL
GGJJ;5ie;3;;;;FCT
HLOL;5ie;3;;;;P.P.
GMMA;5ie;3;;;;CHL
SPMA;5ie;3;;;;FCT
CGCR;5ie;3;;;;P.P.
ABJa;5ie;3;;;;P.P.
LBAD;5ie;3;;;;P.P.
LLMa;5ie;3;;;;RED
GRMAm;5ie;3;;;;RED
MTSA;5ie;3;;;;AAPM
PGCA;5ie;3;;;;P.P.
RZSU;5ie;3;;;;P.P.
MSJM;5ie;3;;;;P.P.
SGDR;5ie;3;;;;AAPM
GSA;5ie;3;;;;RED
LARO;5ie;3;;;;JD
BBNO;5ie;3;;;;FCT
CFJA;5ie;3;;;;TUT
GMFJa;5ie;3;;;;CHL
PBM;5ie;3;;;;P.P.
GIMM;5ie;3;;;;TOR
LLAC;5ie;3;;;;FCT
ISYO;5ie;3;;;;FCT
ISSM;5ie;3;;;;ApJE
VBMG;5ie;3;;;;RED
GLYo;5ie;3;;;;RED
MGOl;5ie;4;EMYP;IMP203.1;A01;LEC
PMAT;5ie;4;MQFB;IMP101.2;A02;LEC
RGRa;5ie;4;FOLAB;ELE202.1;A10;LEC
MTSA;5ie;4;COEB;IMP202.1;A11;LEC
LLAC;5ie;4;PRSUP;TMV201.2;A12;LEC
AAIg;5ie;4;PRLA;TMV101.1A;A13;LEC
BLLMa;5ie;4;FOLAB;TMV202.1;A30;LEC
BMAIs;5ie;4;LEUPR;TMV301.1;A31;LEC
GSA;5ie;4;TCREL;TMV301.2;A34;LEC
RMJC;5ie;4;SAXMO;TMV202.2;A35;LEC
VBMG;5ie;4;FOLAB;QUI201.1;A41;LEC
MAMo;5ie;4;OAQM;QUI201.2;A51;LEC
ISYO;5ie;4;DWESE;IFC303.2-D;AT.TFNO;LEC
GSJL;5ie;4;SIINF;IFC302.1-D;AT.TFNO2;LEC
RZSU;5ie;4;ACES;IMP202.2;B01;LEC
JRIS;5ie;4;TECC;IMP203.2;B02;LEC
PZRu;5ie;4;CEACL;ADG201.1;B10;LEC
LFTE;5ie;4;OAGTS;ADG201.2;B11;LEC
MBMS;5ie;4;CIA1;IMP101.1;B12;LEC
AFE;5ie;4;GLYC;ADG301.2;B20;LEC
GGJJ;5ie;4;PIAC;ADG301.1;B21;LEC
CMIS;5ie;4;SAPRO;FME203.2;C000 b;LEC
PBA;5ie;4;SANAT;FME203.1;c000 b v;LEC
DEAl;5ie;4;TPIDA;ELE302.2;C100;LEC
LLMa;5ie;4;SSPR;ELE303.1;C102;LEC
PACRe;5ie;4;IEBAS;ELE203.1;C103;LEC
SGDR;5ie;4;ANEH;IMA201.1;C104;LEC
MRJR;5ie;4;MMEE;IMA201.2;C106;LEC
GCCR;5ie;4;EIEMP;ELE203.2;C107;LEC
PGCA;5ie;4;SMEC;IMA302.1;C109;LEC
IGJL;5ie;4;ICTVE;ELE202.2;C200;LEC
FMGE;5ie;4;SIHD;ELE304.2;C202;LEC
GPA;5ie;4;CIST;ELE304.1;C203;LEC
BDJL;5ie;4;CIST;ELE304.1;C203;LEC
MMBE;5ie;4;SCELE;ELE302.1;C204;LEC
FMCa;5ie;4;PARDS;IFC301.1;C206;LEC
RFVM;5ie;4;IAWEB;IFC301.2;C207;LEC
AVMY;5ie;4;PROGR;IFC303.1;C208;LEC
ABJa;5ie;4;SOPMO;IFC201.1;C209;LEC
CAJC;5ie;4;DAWEB;IFC303.2;C210;LEC
LLLM;5ie;4;APWEB;IFC201.2;C211;LEC
SGCA;5ie;4;PGMC;IMA302.2;C213;LEC
LBAD;5ie;4;AMVB;TMV101.2;CAR1B;LEC
RRAN;5ie;4;EMSIN;TMV201.1;CAR3;LEC
SBAL;5ie;4;EMSIN;TMV201.1;CAR3;LEC
GMFJa;5ie;4;MEYS;TMV101.1B;ELV1;LEC
RMJC;5ie;4;SAXMO;TMV202.2;ELV5;LEC
CAMP;5ie;4;;;;G
HLOL;5ie;4;;;;G
GRD;5ie;4;;;;G
GMMA;5ie;4;;;;G
PBM;5ie;4;;;;G
ESIS;5ie;4;;;;G
ARAN;5ie;4;;;;FCT
GAPA;5ie;4;;;;P.P.
RBCR;5ie;4;;;;FCT
FCBJ;5ie;4;;;;AAPM
AOJM;5ie;4;;;;P.P.
TRJ;5ie;4;;;;AAPM
ZCJC;5ie;4;;;;AAPM
LALU;5ie;4;;;;AAPM
VACA;5ie;4;;;;P.P.
ABJL;5ie;4;;;;CHL
RCCM;5ie;4;;;;FCT
MDAn;5ie;4;;;;AAPM
FPPA;5ie;4;;;;FCT
GBGU;5ie;4;;;;P.P.
DCAL;5ie;4;;;;RED
MCCA;5ie;4;;;;ApUC
GAAN;5ie;4;;;;P.P.
GQJL;5ie;4;;;;FCT
NRMP;5ie;4;;;;P.P.
RPFJ;5ie;4;;;;TUT
FPLU;5ie;4;;;;P.P.
LLPAd;5ie;4;;;;RED
CAE;5ie;4;;;;P.P.
MRMA;5ie;4;;;;UCOORD
SPMA;5ie;4;;;;FCT
CGCR;5ie;4;;;;AAPM
BSVA;5ie;4;;;;RED
LSMM;5ie;4;;;;AAPM
GRMAm;5ie;4;;;;AAPM
AMMB;5ie;4;;;;UCOORD
MSJM;5ie;4;;;;AAPM
GSGE;5ie;4;;;;P.P.
LARO;5ie;4;;;;JD
CFJA;5ie;4;;;;CHL
GIMM;5ie;4;;;;AAPM
LCAMa;5ie;4;;;;J E A
ISSM;5ie;4;;;;UCOORD
MGOl;5ie;5;EMYP;IMP203.1;A01;LEC
PMAT;5ie;5;MQFB;IMP101.2;A02;LEC
MRMA;5ie;5;EIEMP;TMV301.2;A10;LEC
CAMP;5ie;5;ANES;IMP202.1;A11;LEC
GSA;5ie;5;EESVE;TMV201.2;A12;LEC
MBMS;5ie;5;CIA1;TMV101.1A;A13;LEC
TRJ;5ie;5;CIA1;TMV101.1A;A13;LEC
BLLMa;5ie;5;EIEMP;FME203.2;A30;LEC
SBAL;5ie;5;EAFNS;TMV301.1;A34;LEC
GRD;5ie;5;EAFNS;TMV301.1;A34;LEC
MAMo;5ie;5;QUAP;QUI201.1;A41;LEC
SPMA;5ie;5;ENDES;IFC303.1-D;AT.TFNO;LEC
RZSU;5ie;5;ACES;IMP202.2;B01;LEC
JRIS;5ie;5;TECC;IMP203.2;B02;LEC
AFE;5ie;5;TIINF;ADG201.1;B10;LEC
PZRu;5ie;5;EMPAU;ADG201.2;B11;LEC
AOJM;5ie;5;COS1;IMP101.1;B12;LEC
GAAN;5ie;5;SIEM;ADG301.2;B20;LEC
GGJJ;5ie;5;PIAC;ADG301.1;B21;LEC
PBA;5ie;5;SANAT;FME203.1;C000 b;LEC
DEAl;5ie;5;TPIDA;ELE302.2;C100;LEC
LLMa;5ie;5;SSPR;ELE303.1;C102;LEC
PACRe;5ie;5;IEBAS;ELE203.1;C103;LEC
SGDR;5ie;5;ANEH;IMA201.1;C104;LEC
MRJR;5ie;5;MMEE;IMA201.2;C106;LEC
PGCA;5ie;5;SMEC;IMA302.1;C109;LEC
MSJM;5ie;5;PMEL;QUI201.2;C110;LEC
IGJL;5ie;5;ICTVE;ELE202.2;C200;LEC
GRMAm;5ie;5;IMSON;ELE203.2;C201;LEC
MCCA;5ie;5;SIRL;ELE304.1;C202;LEC
GPA;5ie;5;PSTI;ELE304.2;C203;LEC
MMBE;5ie;5;SCELE;ELE302.1;C204;LEC
ISSM;5ie;5;ELTEC;ELE202.1;C205;LEC
FMCa;5ie;5;PARDS;IFC301.1;C206;LEC
RFVM;5ie;5;PASIR;IFC301.2;C207;LEC
AVMY;5ie;5;LMSGI;IFC303.1;C208;LEC
ABJa;5ie;5;SOPMO;IFC201.1;C209;LEC
ISYO;5ie;5;DWESE;IFC303.2;C210;LEC
MDAn;5ie;5;SORED;IFC201.2;C211;LEC
SGCA;5ie;5;PGMC;IMA302.2;C213;LEC
LBAD;5ie;5;AMVB;TMV101.2;CAR1B;LEC
LLAC;5ie;5;AMVB;TMV101.2;CAR1B;LEC
ESIS;5ie;5;EFIJ;TMV201.1;CAR3;LEC
RRAN;5ie;5;EFIJ;TMV201.1;CAR3;LEC
GMFJa;5ie;5;MEYS;TMV101.1B;ELV1;LEC
GMMA;5ie;5;SCAAR;TMV202.1;ELV3;LEC
RMJC;5ie;5;SAXMO;TMV202.2;ELV5;LEC
HLOL;5ie;5;;;;G
BSVA;5ie;5;;;;G
LSMM;5ie;5;;;;G
GSJL;5ie;5;;;;G
CAJC;5ie;5;;;;G
FMGE;5ie;5;;;;G
ARAN;5ie;5;;;;FCT
CMIS;5ie;5;;;;AAPM
FCBJ;5ie;5;;;;RED
ZCJC;5ie;5;;;;CHL
LALU;5ie;5;;;;CHL
VACA;5ie;5;;;;RED
ABJL;5ie;5;;;;CHL
RCCM;5ie;5;;;;FCT
FPPA;5ie;5;;;;FCT
GBGU;5ie;5;;;;P.P.
GQJL;5ie;5;;;;RED
NRMP;5ie;5;;;;RED
RPFJ;5ie;5;;;;CHL
CAE;5ie;5;;;;RED
LFTE;5ie;5;;;;P.P.
CGCR;5ie;5;;;;CHL
GCCR;5ie;5;;;;P.P.
BDJL;5ie;5;;;;P.P.
AMMB;5ie;5;;;;RED
BMAIs;5ie;5;;;;RED
GSGE;5ie;5;;;;RED
LARO;5ie;5;;;;P.P.
CFJA;5ie;5;;;;CHL
AAIg;5ie;5;;;;CHL
PBM;5ie;5;;;;AAPM
GIMM;5ie;5;;;;AAPM
LLLM;5ie;5;;;;C.DIST.
LCAMa;5ie;5;;;;ApJE
RGRa;5ie;5;;;;RED
MGOl;5ie;6;EMYP;IMP203.1;A01;LEC
PMAT;5ie;6;MQFB;IMP101.2;A02;LEC
MRMA;5ie;6;EIEMP;TMV301.2;A10;LEC
CAMP;5ie;6;ICHS;IMP202.1;A11;LEC
GSA;5ie;6;EESVE;TMV201.2;A12;LEC
MBMS;5ie;6;CIA1;TMV101.1A;A13;LEC
TRJ;5ie;6;CIA1;TMV101.1A;A13;LEC
BLLMa;5ie;6;EIEMP;FME203.2;A30;LEC
RGRa;5ie;6;EIEMP;ELE304.2;A31;LEC
CFJA;5ie;6;STFTR;TMV301.1;A34;LEC
GRD;5ie;6;STFTR;TMV301.1;A34;LEC
MAMo;5ie;6;QUAP;QUI201.1;A41;LEC
RZSU;5ie;6;ACES;IMP202.2;B01;LEC
JRIS;5ie;6;TECC;IMP203.2;B02;LEC
AFE;5ie;6;TIINF;ADG201.1;B10;LEC
PZRu;5ie;6;EMPAU;ADG201.2;B11;LEC
AOJM;5ie;6;COS1;IMP101.1;B12;LEC
GAAN;5ie;6;SIEM;ADG301.2;B20;LEC
GGJJ;5ie;6;RHRSC;ADG301.1;B21;LEC
PBM;5ie;6;TCCON;FME203.1;C000 b;LEC
DEAl;5ie;6;TPIDA;ELE302.2;C100;LEC
GRMAm;5ie;6;EMINF;ELE203.1;C101;LEC
LLMa;5ie;6;SSPR;ELE303.1;C102;LEC
SGDR;5ie;6;ANEH;IMA201.1;C104;LEC
MRJR;5ie;6;MMEE;IMA201.2;C106;LEC
PGCA;5ie;6;SMEC;IMA302.1;C109;LEC
MSJM;5ie;6;PMEL;QUI201.2;C110;LEC
MMBE;5ie;6;ISFOT;ELE202.2;C200;LEC
FMGE;5ie;6;IRCOM;ELE203.2;C201;LEC
MCCA;5ie;6;SIRL;ELE304.1;C202;LEC
BMAIs;5ie;6;LEUPR;ELE302.1;C204;LEC
ISSM;5ie;6;ELTEC;ELE202.1;C205;LEC
GCCR;5ie;6;FOLAB;IFC301.1;C206;LEC
SPMA;5ie;6;SADIS;IFC301.2;C207;LEC
AVMY;5ie;6;LMSGI;IFC303.1;C208;LEC
FMCa;5ie;6;RLOCA;IFC201.1;C209;LEC
ISYO;5ie;6;DWESE;IFC303.2;C210;LEC
MDAn;5ie;6;SORED;IFC201.2;C211;LEC
LCAMa;5ie;6;EIEMP;IMA302.2;C213;LEC
LBAD;5ie;6;AMVB;TMV101.2;CAR1B;LEC
ESIS;5ie;6;EFIJ;TMV201.1;CAR3;LEC
RRAN;5ie;6;EFIJ;TMV201.1;CAR3;LEC
GMFJa;5ie;6;MEYS;TMV101.1B;ELV1;LEC
GMMA;5ie;6;SCAAR;TMV202.1;ELV3;LEC
RMJC;5ie;6;SAXMO;TMV202.2;ELV5;LEC
CMIS;5ie;6;;;;G
LFTE;5ie;6;;;;G
ABJa;5ie;6;;;;G
CAJC;5ie;6;;;;G
LALU;5ie;6;;;;CHL
ABJL;5ie;6;;;;RED
SGCA;5ie;6;;;;RED
SBAL;5ie;6;;;;RED
LSMM;5ie;6;;;;P.P.
GPA;5ie;6;;;;CHL
IGJL;5ie;6;;;;CHL
BBNO;5ie;6;;;;CHL
LLAC;5ie;6;;;;RED
LLLM;5ie;6;;;;P.P.
FAMJ;5ie;8;GCPRA;FME301.2V;a30v;LEC
FOMB;5ie;8;EBIOT;QUI301.2V;a40v;LEC
MGI;5ie;8;EFQUI;QUI301.1V;a41v;LEC
FOMB;5ie;8;EBIOT;QUI301.2V;A50;LEC
JCSA;5ie;8;PMCCO;FME301.1V;c000 b v;LEC
ALAN;5ie;8;PMCCO;FME301.1V;c000 b v;LEC
HRMA;5ie;8;CSME;IMA302.2V;c104 v;LEC
SGSU;5ie;8;MEENS;FME202.2V;c107 v;LEC
CAL;5ie;8;FBAVI;FME202.1V;c110 v;LEC
GMAN;5ie;8;FBAVI;FME202.1V;c110 v;LEC
AAA;5ie;8;DRECT;ELE302.2 V;c203 v;LEC
FRRa;5ie;8;ISAI;ELE303.2V;c204 v;LEC
DPAV;5ie;8;SPOT;ELE303.1V;c205v;LEC
RZAM;5ie;8;LEUPR;IFC301.1V;c206 v;LEC
BPJD;5ie;8;PASIR;IFC301.2V;c207 v;LEC
DFME;5ie;8;SIINF;IFC302.1V;c208 v;LEC
PAMCo;5ie;8;PROGR;IFC303.1-D;C209;LEC
HFP;5ie;8;PMDM;IFC302.2V;c210v;LEC
AMLM;5ie;8;BASRS;IFC401;c211v;LEC
GGSE;5ie;8;RGDM;IMA302.1V;c213 v;LEC
TCJM;5ie;8;BDATO;IFC302.1-D;;LEC
GRMA;5ie;8;;;;G
MMD;5ie;8;;;;G
ARMT;5ie;8;;;;P.P.
MDAn;5ie;8;;;;RED
MCRP;5ie;8;;;;AAPM
PGEl;5ie;8;;;;RED
LCAMa;5ie;8;;;;J E A
FAMJ;5ie;9;GCPRA;FME301.2V;a30v;LEC
FOMB;5ie;9;EBIOT;QUI301.2V;a40v;LEC
MGI;5ie;9;EFQUI;QUI301.1V;a41v;LEC
FOMB;5ie;9;EBIOT;QUI301.2V;A50;LEC
GRMA;5ie;9;EIEMP;IFC303.2-D;AT.TFNO;LEC
JCSA;5ie;9;PMCCO;FME301.1V;c000 b v;LEC
ALAN;5ie;9;PMCCO;FME301.1V;c000 b v;LEC
HRMA;5ie;9;CSME;IMA302.2V;c104 v;LEC
SGSU;5ie;9;MEENS;FME202.2V;c107 v;LEC
CAL;5ie;9;FBAVI;FME202.1V;c110 v;LEC
GMAN;5ie;9;FBAVI;FME202.1V;c110 v;LEC
AAA;5ie;9;DRECT;ELE302.2 V;c203 v;LEC
FRRa;5ie;9;ISAI;ELE303.2V;c204 v;LEC
DPAV;5ie;9;SPOT;ELE303.1V;c205v;LEC
RZAM;5ie;9;LEUPR;IFC301.1V;c206 v;LEC
AMLM;5ie;9;ASOPE;IFC301.2V;c207 v;LEC
DFME;5ie;9;SIINF;IFC302.1V;c208 v;LEC
PAMCo;5ie;9;PROGR;IFC303.1-D;C209;LEC
HFP;5ie;9;PMDM;IFC302.2V;c210v;LEC
MDAn;5ie;9;ANFOIN;IFC401;c211v;LEC
GGSE;5ie;9;RGDM;IMA302.1V;c213 v;LEC
TCJM;5ie;9;BDATO;IFC302.1-D;;LEC
ARMT;5ie;9;;;;G
PGEl;5ie;9;;;;G
GLLN;5ie;9;;;;G
THAC;5ie;9;;;;CHL
RMDI;5ie;9;;;;P.P.
MCRP;5ie;9;;;;TUT
MMD;5ie;9;;;;TUT
MMGE;5ie;9;;;;RED
BPJD;5ie;9;;;;P.P.
MAJM;5ie;9;;;;CHL
LCAMa;5ie;9;;;;ApJE
GRMA;5ie;10;FOLAB;QUI301.1V;a10 v;LEC
GLLN;5ie;10;FOLAB;QUI301.1V;a10 v;LEC
FOMB;5ie;10;EBIOT;QUI301.2V;a40v;LEC
FOMB;5ie;10;EBIOT;QUI301.2V;A50;LEC
JCSA;5ie;10;PMCCO;FME301.1V;c000 b v;LEC
ALAN;5ie;10;PMCCO;FME301.1V;c000 b v;LEC
HRMA;5ie;10;CSME;IMA302.2V;c104 v;LEC
SGSU;5ie;10;MEENS;FME202.2V;c107 v;LEC
PGM;5ie;10;SMEC;IMA302.1V;c109v;LEC
CAL;5ie;10;FBAVI;FME202.1V;c110 v;LEC
GMAN;5ie;10;FBAVI;FME202.1V;c110 v;LEC
MAJM;5ie;10;PIICT;ELE302.2 V;c200 v;LEC
FRRa;5ie;10;ISAI;ELE303.2V;c204 v;LEC
MMD;5ie;10;SPOT;ELE303.1V;c205v;LEC
DPAV;5ie;10;SPOT;ELE303.1V;c205v;LEC
PGEl;5ie;10;FOLAB;IFC301.1V;c206 v;LEC
AMLM;5ie;10;ASOPE;IFC301.2V;c207 v;LEC
DFME;5ie;10;SIINF;IFC302.1V;c208 v;LEC
PAMCo;5ie;10;PROGR;IFC303.1-D;C209;LEC
HFP;5ie;10;PMDM;IFC302.2V;c210v;LEC
MDAn;5ie;10;ANFOIN;IFC401;c211v;LEC
FAMJ;5ie;10;DCMET;FME301.2V;c213 v;LEC
RMDI;5ie;10;AAD;IFC302.2-D;DPTO.;LEC
TCJM;5ie;10;BDATO;IFC302.1-D;;LEC
ARMT;5ie;10;;;;G
MGI;5ie;10;;;;G
RZAM;5ie;10;;;;RED
THAC;5ie;10;;;;P.P.
AAA;5ie;10;;;;P.P.
MCRP;5ie;10;;;;P.P.
GMJO;5ie;10;;;;P.P.
MMGE;5ie;10;;;;P.P.
DGFA;5ie;10;;;;AAPM
BPJD;5ie;10;;;;P.P.
LCAMa;5ie;10;;;;ApJE
GGSE;5ie;10;;;;CHL
MMGE;5ie;11;EIEMP;FME202.2V;a10 v;LEC
RZAM;5ie;11;LEUPR;ELE303.1V;a11v;LEC
SGSU;5ie;11;RGFME;FME301.1V;a30v;LEC
GRMA;5ie;11;EIEMP;QUI301.2V;a40v;LEC
THAC;5ie;11;ANQUI;QUI301.1V;a41v;LEC
DPAV;5ie;11;ROIN;ELE303.2V;c102 v;LEC
DGFA;5ie;11;PGMC;IMA302.2V;c104 v;LEC
PGM;5ie;11;SMEC;IMA302.1V;c109v;LEC
CAL;5ie;11;FBAVI;FME202.1V;c110 v;LEC
GMAN;5ie;11;FBAVI;FME202.1V;c110 v;LEC
MAJM;5ie;11;PIICT;ELE302.2 V;c200 v;LEC
TCJM;5ie;11;LMSGI;IFC301.1V;c206 v;LEC
GLLN;5ie;11;EIEMP;IFC301.2V;c207 v;LEC
ARMT;5ie;11;PROGR;IFC302.1V;c208 v;LEC
PAMCo;5ie;11;DAWEB;IFC303.2-D;C209;LEC
DFME;5ie;11;DEDI;IFC302.2V;c210v;LEC
BPJD;5ie;11;PUPRSE;IFC401;c211v;LEC
FAMJ;5ie;11;DCMET;FME301.2V;c213 v;LEC
HFP;5ie;11;PRDAM;IFC302.2-D;;LEC
FRRa;5ie;11;;;;G
MGI;5ie;11;;;;G
JCSA;5ie;11;;;;G
HRMA;5ie;11;;;;P.P.
AAA;5ie;11;;;;RED
FOMB;5ie;11;;;;CHL
RMDI;5ie;11;;;;P.P.
MCRP;5ie;11;;;;RED
AMLM;5ie;11;;;;RED
ALAN;5ie;11;;;;TUT
GMJO;5ie;11;;;;P.P.
PGEl;5ie;11;;;;AJD
MMD;5ie;11;;;;CHL
GGSE;5ie;11;;;;CHL
MMGE;5ie;12;EIEMP;FME202.2V;a10 v;LEC
SGSU;5ie;12;RGFME;FME301.1V;a30v;LEC
MGI;5ie;12;ENFIS;QUI301.2V;a40v;LEC
THAC;5ie;12;ANQUI;QUI301.1V;a41v;LEC
MAJM;5ie;12;TPIDA;ELE302.2 V;c100 v;LEC
DPAV;5ie;12;ROIN;ELE303.2V;c102 v;LEC
DGFA;5ie;12;PGMC;IMA302.2V;c104 v;LEC
GMJO;5ie;12;IGRAF;FME202.1V;c107 v;LEC
PGM;5ie;12;SMEC;IMA302.1V;c109v;LEC
FRRa;5ie;12;INFIN;ELE303.1V;c204 v;LEC
RMDI;5ie;12;SADIS;IFC301.2V;c205v;LEC
TCJM;5ie;12;LMSGI;IFC301.1V;c206 v;LEC
ARMT;5ie;12;PROGR;IFC302.1V;c208 v;LEC
PAMCo;5ie;12;DAWEB;IFC303.2-D;C209;LEC
DFME;5ie;12;DEDI;IFC302.2V;c210v;LEC
BPJD;5ie;12;PUPRSE;IFC401;c211v;LEC
FAMJ;5ie;12;DCMET;FME301.2V;c213 v;LEC
GLLN;5ie;12;EIEMP;IFC302.2-D;;LEC
HRMA;5ie;12;;;;G
FOMB;5ie;12;;;;CHL
ALAN;5ie;12;;;;RED
PGEl;5ie;12;;;;P.P.
MMGE;5ie;13;EIEMP;ELE303.2V;a10 v;LEC
PGEl;5ie;13;EIEMP;FME301.2V;a11v;LEC
SGSU;5ie;13;RGFME;FME301.1V;a30v;LEC
MGI;5ie;13;ENFIS;QUI301.2V;a40v;LEC
THAC;5ie;13;ANQUI;QUI301.1V;a41v;LEC
MAJM;5ie;13;TPIDA;ELE302.2 V;c100 v;LEC
DGFA;5ie;13;PGMC;IMA302.2V;c104 v;LEC
GMJO;5ie;13;IGRAF;FME202.1V;c107 v;LEC
PGM;5ie;13;FABRA;FME202.2V;c110 v;LEC
FRRa;5ie;13;INFIN;ELE303.1V;c204 v;LEC
RMDI;5ie;13;SADIS;IFC301.2V;c205v;LEC
ARMT;5ie;13;GBDAT;IFC301.1V;c206 v;LEC
PAMCo;5ie;13;ENDES;IFC302.1V;c208 v;LEC
DFME;5ie;13;DEDI;IFC302.2V;c210v;LEC
HRMA;5ie;13;ELMQ;IMA302.1V;c213 v;LEC
GLLN;5ie;13;EIEMP;IFC302.2-D;;LEC
TCJM;5ie;13;;;;CHL
DPAV;5ie;13;;;;CHL
